food_id,nutrient_id,amount_per_100g,observation_count,raw_observation_count
2,1,0.1,1,1
2,2,1.4333333333333333,3,3
2,3,4.55,4,4
2,4,0.025,4,4
2,5,1.55,4,4
2,31,0,1,1
2,36,0,1,1
2,38,56.5565,2,2
2,39,0.40040000000000003,2,2
4,1,1.3775,2,2
4,2,1.3510833333333334,6,6
4,3,18.460714285714285,7,7
4,4,0.38000000000000006,6,6
4,5,1.7333333333333334,6,6
4,6,0.005,1,1
4,11,0.0045,2,2
4,15,0.037,2,2
4,20,0.1795,2,2
4,21,0.0595,2,2
4,23,0,1,1
4,24,0,1,1
4,29,0,1,1
4,31,0,1,1
4,34,0,1,1
4,36,0.005999999999999999,3,3
4,38,146.70883333333333,6,6
4,39,0.350305,3,2
5,1,0.25,4,2
5,2,1.21,31,10
5,3,7.514166666666665,35,12
5,4,0.1366666666666667,35,12
5,5,1.3333333333333333,34,12
5,6,0,1,0
5,7,0.001,4,2
5,8,0,4,2
5,9,0.002,1,1
5,10,0,1,1
5,11,0.0006666666666666666,18,3
5,12,0,4,2
5,13,0.018,2,1
5,14,0,2,1
5,15,0.01933333333333333,18,3
5,16,0,1,1
5,18,0,1,1
5,20,0.042,18,3
5,21,0.009666666666666667,18,3
5,23,0,14,3
5,24,0,13,3
5,25,0,4,2
5,26,0,1,1
5,27,0,1,1
5,28,0,4,2
5,29,0,14,3
5,31,0.0005,8,4
5,32,0,1,1
5,33,0,1,1
5,34,0,14,3
5,35,0,1,1
5,36,0,17,5
5,37,0,2,1
5,38,83.94416666666667,46,12
5,39,0.21700166666666668,22,6
6,1,3.0019750000000003,2,2
6,2,10.5485,2,2
6,3,38.03,2,2
7,1,0.4,1,1
7,2,1.3666666666666665,3,3
7,3,6.6,4,4
7,4,0.175,4,4
7,5,1.1,4,4
7,31,0,1,1
7,36,0,1,1
7,38,79.079,2,2
7,39,0.8,1,1
8,1,0.5,2,1
8,2,5.040000000000001,8,4
8,3,32.251999999999995,10,5
8,4,0.28,10,5
8,5,1.2600000000000002,10,5
8,6,0,1,0
8,7,0,1,0
8,8,0,1,0
8,11,0,2,1
8,12,0,1,0
8,13,0.106,1,0
8,14,0,1,0
8,15,0.011,2,1
8,20,0.229,2,1
8,21,0.02,2,1
8,23,0,2,1
8,24,0,2,1
8,25,0.022,1,0
8,28,0,1,0
8,29,0,2,1
8,31,0,3,1
8,34,0,2,1
8,36,0,4,2
8,37,0.009,1,0
8,38,360.91775,8,4
8,39,0.750755,4,2
9,1,2.25,2,2
9,2,5.374,6,5
9,3,8.466666666666667,7,6
9,4,0.366,6,5
9,5,1.4600000000000002,6,5
9,11,0,2,1
9,15,0.095,2,1
9,20,0.252,2,1
9,21,0.015,2,1
9,23,0,2,1
9,24,0,2,1
9,29,0,2,1
9,31,0,1,1
9,34,0,2,1
9,36,0,3,2
9,38,66.27725,6,4
9,39,0.8,2,1
11,1,28.119999999999997,5,0
11,2,18.22,16,1
11,3,30.19,18,1
11,4,43.85,15,1
11,5,3.3,15,1
11,7,0,3,1
11,8,0,3,1
11,11,0.136,7,1
11,12,0,3,1
11,15,23.523,7,1
11,20,7.782,7,1
11,21,0.062,7,1
11,23,0,6,1
11,24,0.138,7,1
11,25,0,3,1
11,28,0,3,1
11,29,0,6,1
11,31,0.173,5,1
11,34,0,6,1
11,36,0,8,1
11,38,1433.5,18,2
11,39,0.002542,9,1
12,1,0.9628666666666666,5,3
12,2,0.74625,25,8
12,3,16.394,29,10
12,4,0.10600000000000001,29,10
12,5,0.975,27,8
12,11,0.001,12,1
12,15,0.012,12,1
12,20,0.023,12,1
12,21,0.017,12,1
12,23,0,11,1
12,24,0,11,1
12,29,0,11,1
12,31,0,3,1
12,34,0,11,1
12,36,0,14,2
12,38,110.27199999999999,35,9
12,39,0.14013799999999998,19,5
13,1,6.003333333333334,4,3
13,2,8.420666666666667,11,6
13,3,20.898507142857145,13,7
13,4,0.644,11,5
13,5,1.2600000000000002,11,5
13,11,0.004,2,1
13,15,0.798,2,1
13,20,0.082,2,1
13,21,0.013,2,1
13,23,0,1,0
13,24,0,1,0
13,29,0,1,0
13,31,0,2,1
13,34,0,1,0
13,36,0,3,1
13,38,105.8,10,4
13,39,1.251226,5,2
14,1,20.575,2,2
14,2,3.3675,2,2
14,3,39.325,2,2
14,4,0.6,1,1
14,5,2.4,1,1
14,38,262,2,2
15,1,9.491883333333332,3,3
15,2,4.624750000000001,13,7
15,3,13.5634,14,8
15,4,0.12833333333333333,12,6
15,5,1.0999999999999999,11,6
15,11,0.0015,6,2
15,15,0.0435,6,2
15,20,0.11349999999999999,6,2
15,21,0,5,2
15,23,0,5,2
15,24,0,5,2
15,29,0,5,2
15,31,0,1,1
15,34,0,5,2
15,36,0,6,3
15,38,65.68216666666667,18,6
15,39,0.5503750000000001,7,2
16,1,42.8331,7,0
16,2,25.5575,45,4
16,3,17.35,49,4
16,4,48.792500000000004,46,4
16,5,8.8,45,4
16,7,0.0095,4,0
16,8,0.0095,4,0
16,9,0.058,1,0
16,10,0,1,0
16,11,0.0375,30,4
16,12,0.020499999999999997,4,0
16,13,30.234,2,0
16,14,0.0115,2,0
16,15,22.764000000000003,30,4
16,16,0.013,1,0
16,18,0.012,1,0
16,19,0,1,0
16,20,15.978750000000002,30,4
16,21,0.010499999999999999,30,4
16,23,0,20,2
16,24,0.5575000000000001,30,4
16,25,0.01125,4,0
16,26,0.002,1,0
16,27,0.003,1,0
16,28,0.010499999999999999,4,0
16,29,0.018,21,2
16,31,1.6218181818181818,11,0
16,32,0.109,1,0
16,33,0.001,1,0
16,34,0,20,2
16,35,0,1,0
16,36,0,24,2
16,37,0,1,0
16,38,1471.125,68,8
16,39,0.002287,32,4
17,1,5.810583333333334,3,0
17,2,1.53,5,1
17,3,17.34,4,1
17,4,0.15,3,1
17,5,3.3,3,1
17,11,0,2,1
17,15,0.037,2,1
17,20,0.056,2,1
17,21,0.002,2,1
17,23,0,2,1
17,24,0,2,1
17,29,0,2,1
17,34,0,2,1
17,36,0,2,1
17,38,187,6,2
17,39,0.0008900000000000001,3,1
18,1,0.39999999999999997,3,2
18,2,4.3500000000000005,6,4
18,3,11.783333333333333,8,6
18,4,0.1857142857142857,8,7
18,5,2.716666666666667,7,6
18,11,0.001,1,0
18,15,0.127,1,0
18,20,0.285,1,0
18,21,0.053,1,0
18,23,0,1,0
18,24,0.001,1,0
18,29,0,1,0
18,31,0,1,1
18,34,0.001,1,0
18,36,0,2,1
18,38,146.162,5,3
18,39,1.25,3,2
19,1,22.8,2,0
19,2,25.4426125,4,0
19,3,51.26,2,0
19,4,7.24,1,0
19,5,7.4,1,0
19,11,0.113,1,0
19,15,0.361,1,0
19,20,0.742,1,0
19,21,2.955,1,0
19,23,0,1,0
19,24,0,1,0
19,29,0,1,0
19,34,0,1,0
19,36,0,1,0
19,38,765.5,2,0
19,39,0.0120312,1,0
20,1,3.55,1,0
20,2,17.236250000000002,2,0
20,3,19.9665,1,0
21,1,0.7624999999999998,5,4
21,2,3.2947272727272723,22,11
21,3,5.612857142857144,26,14
21,4,0.14,25,13
21,5,0.9923076923076924,25,13
21,7,0,3,1
21,8,0,3,1
21,11,0,9,1
21,12,0,3,1
21,15,0,9,1
21,20,0.04,9,1
21,21,0.01,9,1
21,23,0,7,1
21,24,0,7,1
21,25,0,3,1
21,28,0,3,1
21,29,0,7,1
21,31,0,7,4
21,34,0,7,1
21,36,0,11,4
21,38,52.789624999999994,26,8
21,39,0.40014500000000003,13,4
22,1,5.7,6,0
22,2,17.3,19,1
22,3,66.22,23,1
22,4,7.03,21,1
22,5,15.4,20,1
22,11,0.014,5,1
22,15,2.362,5,1
22,20,2.645,5,1
22,21,0.121,5,1
22,23,0,2,1
22,24,0,2,1
22,29,0,2,1
22,31,0,3,0
22,34,0,2,1
22,36,0,5,1
22,38,637.5,18,2
22,39,0.002892,9,1
23,1,0.3,2,1
23,2,0.81,5,4
23,3,5.585999999999999,6,5
23,4,0.126,5,5
23,5,1.6799999999999997,5,5
23,11,0,1,1
23,15,0.03,1,1
23,20,0.157,1,1
23,21,0.027,1,1
23,23,0,1,1
23,24,0,1,1
23,29,0,1,1
23,31,0,1,1
23,34,0,1,1
23,36,0,2,2
23,38,69.02925,4,4
23,39,0.25026,2,2
24,1,66.22975,2,0
24,2,12.343200000000001,5,0
24,3,11.648575000000001,6,0
24,4,38.626,5,0
24,5,3.62,5,0
24,7,0,1,0
24,8,0,1,0
24,11,0.229,1,0
24,12,0.044,1,0
24,15,24.223,1,0
24,20,20.543,1,0
24,21,0.035,1,0
24,23,0,1,0
24,24,0.052,1,0
24,25,0,1,0
24,28,0,1,0
24,29,0,1,0
24,31,0,2,0
24,34,0,1,0
24,36,0,2,0
24,38,1562.21175,4,0
24,39,1.8517165,2,0
25,2,1.9050000000000002,11,2
25,3,6.945,11,2
25,4,0.15000000000000002,11,2
25,5,3.25,11,2
25,11,0,8,2
25,15,0.028999999999999998,11,2
25,20,0.048,11,2
25,21,0.0045000000000000005,11,2
25,23,0,8,2
25,24,0,8,2
25,29,0,8,2
25,34,0,8,2
25,36,0,8,2
25,38,84.25,22,4
25,39,0.0017065,11,2
26,1,21.825,2,0
26,2,1.8,5,1
26,3,3.06,4,1
26,4,0.7,3,1
26,11,0.191,3,1
26,20,0.109,3,1
26,34,0.02,3,1
26,38,54.5,6,2
26,39,0.001441,1,1
27,1,20.7675,2,0
27,2,2.7,8,1
27,3,4.9,7,1
27,4,0.2,7,1
27,5,3.3,7,1
27,11,0,7,1
27,15,0.015,7,1
27,20,0.02,7,1
27,21,0.018,7,1
27,23,0,5,1
27,24,0.019,7,1
27,29,0,5,1
27,34,0.058,7,1
27,36,0,5,1
27,38,67.5,14,2
27,39,0.001361,7,1
28,1,0.1,1,1
28,2,0.85,6,4
28,3,7.345999999999999,7,5
28,4,0.06000000000000001,7,5
28,5,1.6600000000000001,6,5
28,11,0,2,1
28,15,0.025,3,1
28,20,0.035,3,1
28,21,0.053,3,1
28,23,0,2,1
28,24,0,2,1
28,29,0,2,1
28,31,0,1,1
28,34,0,2,1
28,36,0,3,2
28,38,82.03525,8,4
28,39,0.300355,4,2
29,1,100,2,0
29,2,0,6,0
29,3,0,8,0
29,4,48.8875,8,0
29,5,0,8,0
29,31,0.1555,2,0
29,36,0,2,0
29,38,1851.85,4,0
29,39,0,2,0
30,1,0.475,6,4
30,2,1.5893750000000002,31,16
30,3,5.791000000000001,37,20
30,4,0.15809523809523812,38,21
30,5,1.645,36,20
30,7,0,3,1
30,8,0,3,1
30,11,0.00016666666666666666,14,6
30,12,0,3,1
30,15,0.0185,14,6
30,20,0.04666666666666667,14,6
30,21,0.057499999999999996,14,6
30,23,0,9,4
30,24,0,9,4
30,25,0,3,1
30,28,0,3,1
30,29,0.0005,14,6
30,31,0,8,4
30,34,0,9,4
30,36,0,14,7
30,38,68.40047368421052,41,19
30,39,0.4004871,21,10
31,1,0.30000000000000004,5,4
31,2,1.7641666666666669,22,12
31,3,4.69125,27,16
31,4,0.15764705882352947,28,17
31,5,1.2375,27,16
31,7,0.001,1,1
31,8,0,1,1
31,9,0.002,1,1
31,10,0,1,1
31,11,0.003,7,2
31,12,0,1,1
31,13,0.014,1,1
31,15,0.0185,9,2
31,16,0.002,1,1
31,18,0,1,1
31,20,0.018500000000000003,9,2
31,21,0.0555,9,2
31,23,0,5,2
31,24,0.0005,7,2
31,25,0,1,1
31,26,0,1,1
31,27,0,1,1
31,28,0,1,1
31,29,0,5,2
31,31,0.00025,5,4
31,32,0,1,1
31,33,0,1,1
31,34,0.0005,7,2
31,35,0,1,1
31,36,0,9,5
31,37,0.001,1,1
31,38,57.99881818181818,27,11
31,39,0.61694,14,6
32,1,0.5,5,3
32,2,3.2979999999999996,19,10
32,3,7.811538461538461,23,13
32,4,0.23076923076923078,22,13
32,5,2.1846153846153844,22,13
32,11,0.002,6,1
32,15,0.019,6,1
32,20,0.045,6,1
32,21,0.099,6,1
32,23,0,4,1
32,24,0,4,1
32,29,0.001,6,1
32,31,0,4,3
32,34,0,4,1
32,36,0,8,4
32,38,112.33449999999999,20,8
32,39,0.87534275,10,4
33,1,0.1,2,1
33,2,1.35,7,4
33,3,4.76,8,5
33,4,0.04,7,5
33,5,2.16,7,5
33,11,0,3,1
33,15,0.007,3,1
33,20,0.02,3,1
33,21,0.026,3,1
33,23,0,2,1
33,24,0,2,1
33,29,0,3,1
33,31,0,1,1
33,34,0,2,1
33,36,0,3,2
33,38,61.5265,8,4
33,39,1,3,1
34,1,0.6,3,1
34,2,3.3085714285714287,21,7
34,3,5.045000000000001,24,8
34,4,0.29000000000000004,24,8
34,5,1.8,21,5
34,7,0,3,1
34,8,0,3,1
34,11,0,6,1
34,12,0.001,3,1
34,15,0.0205,12,4
34,20,0.03275,12,4
34,21,0.10200000000000001,12,4
34,23,0,5,1
34,24,0,6,1
34,25,0,3,1
34,28,0,3,1
34,29,0,6,1
34,31,0.001,6,2
34,34,0,5,1
34,36,0,8,2
34,38,79.7187,30,10
34,39,0.2756775,14,4
35,1,0.2,1,1
35,2,0.9333333333333332,4,3
35,3,2.7,5,4
35,4,0.07500000000000001,5,4
35,5,0.6,5,4
35,11,0,1,0
35,15,0.007,1,0
35,20,0.019,1,0
35,21,0.025,1,0
35,23,0,1,0
35,24,0,1,0
35,29,0,1,0
35,31,0,1,1
35,34,0,1,0
35,36,0,2,1
35,38,37.5375,4,2
35,39,0.08643428571428571,8,7
36,1,0.1,1,1
36,2,0.74,20,5
36,3,6.06,21,6
36,4,0.08333333333333333,21,6
36,5,1.5,21,6
36,11,0.0075,17,2
36,15,0.0055,17,2
36,20,0.024,17,2
36,21,0.062,17,2
36,23,0,9,2
36,24,0,9,2
36,29,0,9,2
36,31,0,1,1
36,34,0,9,2
36,36,0,10,3
36,38,69.85166666666667,36,6
36,39,0.20070333333333334,18,3
37,1,4.316925,4,4
37,2,15.624766666666666,10,6
37,3,51.935,10,6
37,4,1.565,6,2
37,5,10.05,6,2
37,11,0,2,1
37,15,0.0125,6,2
37,20,0.8065,6,2
37,21,0.036500000000000005,6,2
37,23,0,2,1
37,24,0,2,1
37,29,0,2,1
37,34,0,2,1
37,36,0,2,1
37,38,620.75,12,4
37,39,0.00174625,6,4
38,1,2.8125,4,0
38,2,4.347142857142857,28,0
38,3,28.794516129032257,31,0
38,4,0.16774193548387095,31,0
38,5,4.634482758620689,29,0
38,7,0,1,0
38,8,0,1,0
38,11,0.00035294117647058826,17,0
38,12,0,1,0
38,15,0.0041764705882352945,17,0
38,20,0.024705882352941178,17,0
38,21,0.013352941176470588,17,0
38,23,0,15,0
38,24,0,15,0
38,25,0,1,0
38,28,0,1,0
38,29,0,15,0
38,31,0,3,0
38,34,0,15,0
38,36,0,17,0
38,38,364.33284444444445,45,0
38,39,0.22213090256410267,39,0
39,1,9.605,4,0
39,2,12.219999999999999,3,0
39,3,29.295,2,0
39,4,0.86,1,0
39,5,3.2,1,0
39,11,0.004,1,0
39,15,0.057,1,0
39,20,0.111,1,0
39,21,0.183,1,0
39,23,0,1,0
39,24,0.001,1,0
39,29,0.002,1,0
39,34,0,1,0
39,36,0.001,1,0
39,38,59.5,2,0
39,39,0.008048,1,0
40,1,3.3000000000000003,9,7
40,2,2.3578260869565213,56,23
40,3,16.30053571428571,63,28
40,4,0.32107142857142845,63,28
40,5,3.0814814814814815,62,27
40,6,0.0135,2,0
40,7,0,8,3
40,8,0,7,3
40,9,0.003,1,1
40,10,0,1,1
40,11,0.0011250000000000001,34,8
40,12,0,7,3
40,13,0.025,3,1
40,14,0,3,1
40,15,0.0175,34,8
40,16,0,1,1
40,18,0,1,1
40,20,0.14725000000000002,34,8
40,21,0.014875000000000001,34,8
40,23,0,27,8
40,24,0,27,8
40,25,0,7,3
40,26,0,1,1
40,27,0,1,1
40,28,0,7,3
40,29,0,28,8
40,31,0.0004285714285714286,14,7
40,32,0,1,1
40,33,0,1,1
40,34,0,28,8
40,35,0,1,1
40,36,0,33,12
40,37,0,3,1
40,38,115.2232962962963,85,27
40,39,0.28610928571428573,43,14
41,1,7.269799999999999,5,5
41,2,4.148083333333333,8,6
41,3,19.73375,10,8
41,4,0.172,7,5
41,5,1.1800000000000002,7,5
41,7,0.006,1,0
41,8,0,1,0
41,9,0,1,0
41,10,0,1,0
41,11,0.038,3,1
41,12,0,1,0
41,13,0.07,1,0
41,14,0,1,0
41,15,0.034,3,1
41,16,0,1,0
41,18,0,1,0
41,20,0.011,3,1
41,21,0.047,3,1
41,23,0,3,1
41,24,0,3,1
41,25,0,1,0
41,26,0,1,0
41,27,0,1,0
41,28,0,1,0
41,29,0,3,1
41,31,0,2,1
41,32,0,1,0
41,33,0,1,0
41,34,0,3,1
41,35,0,1,0
41,36,0,4,2
41,37,0,1,0
41,38,107.552,8,4
41,39,0.250195,4,2
42,1,50.19,5,0
42,2,7.503846153846153,13,0
42,3,13.922857142857143,14,0
42,4,52.67000000000001,12,0
42,5,0,10,0
42,9,0.095,1,0
42,11,0.0335,4,0
42,13,74.742,1,0
42,14,0.096,1,0
42,15,23.567,4,0
42,20,29.25175,4,0
42,21,0.053250000000000006,4,0
42,23,0,2,0
42,24,0.144,2,0
42,29,0,2,0
42,31,0.09633333333333333,3,0
42,34,0,2,0
42,36,0,4,0
42,38,1752.2,12,0
42,39,0.0020551666666666665,6,0
43,1,15.1913,1,0
43,2,20.148024999999997,2,0
43,3,51.275,2,0
43,4,14.59,1,0
43,5,38,1,0
43,11,0.09,1,0
43,15,7.035,1,0
43,20,3.122,1,0
43,21,0.15,1,0
43,23,0,1,0
43,24,0,1,0
43,29,0,1,0
43,34,0,1,0
43,36,0,1,0
43,38,863,2,0
43,39,0.005875,1,0
44,1,73.83333333333333,3,0
44,2,7.683571428571429,14,0
44,3,10.116470588235295,17,0
44,4,47.239411764705885,17,0
44,5,6.141176470588236,17,0
44,6,0,5,0
44,7,0,5,0
44,11,0.009600000000000001,5,0
44,15,41.888400000000004,5,0
44,20,20.977600000000002,5,0
44,21,1.0071999999999999,5,0
44,23,0,3,0
44,24,0.233,5,0
44,25,0,5,0
44,28,0,5,0
44,29,0,5,0
44,31,0.0605,8,0
44,34,0,5,0
44,36,0,8,0
44,37,0,5,0
44,38,1716.1313125000001,16,0
44,39,0.5634318749999998,8,0
45,1,2.7,1,1
45,2,1.4333333333333333,3,3
45,3,37.3,4,4
45,4,1.25,4,4
45,5,3.4,4,4
45,31,0,1,1
45,36,0,1,1
45,38,382.8825,2,2
45,39,1,1,1
46,1,3.9,1,0
46,2,11.5,1,0
46,3,78.5,1,0
47,1,6.9,2,1
47,2,15.85,11,4
47,3,56.53000000000001,12,5
47,4,6.048,11,5
47,5,8.36,9,5
47,11,0.012,7,1
47,15,1.346,7,1
47,20,2.593,7,1
47,21,0.101,7,1
47,23,0,5,1
47,24,0,5,1
47,29,0,5,1
47,31,0,1,1
47,34,0,5,1
47,36,0,6,2
47,38,857.635,16,4
47,39,0.3260655,9,8
48,1,0.7033333333333333,3,3
48,2,2.239375,8,8
48,3,5.0797599999999985,10,10
48,4,0.08888888888888889,9,9
48,5,1.2333333333333334,9,9
48,11,0,1,1
48,15,0.004,1,1
48,20,0.075,1,1
48,21,0.013,1,1
48,23,0,1,1
48,24,0,1,1
48,29,0,1,1
48,31,0,2,2
48,34,0,1,1
48,36,0,3,3
48,38,37.52283333333333,6,6
48,39,0.9338036666666666,4,3
49,1,0.25,4,2
49,2,1.083,12,10
49,3,4.990833333333334,14,12
49,4,0.1375,12,12
49,5,1.125,12,12
49,11,0,2,2
49,15,0.00425,4,4
49,20,0.07924999999999999,4,4
49,21,0.0135,4,4
49,23,0,2,2
49,24,0,2,2
49,29,0,2,2
49,31,0,2,2
49,34,0,2,2
49,36,0,4,4
49,38,73.76533333333333,12,12
49,39,0.183895,6,6
50,1,3.5,1,0
50,2,4.145,2,0
50,3,83.095,2,0
50,4,1.24,1,0
50,5,53.1,1,0
50,6,0,1,0
50,7,0,1,0
50,8,0,1,0
50,11,0.001,1,0
50,12,0,1,0
50,13,0.246,1,0
50,14,0,1,0
50,15,0.246,1,0
50,20,0.044,1,0
50,21,0.011,1,0
50,23,0,1,0
50,24,0,1,0
50,25,0,1,0
50,28,0,1,0
50,29,0,1,0
50,31,0,1,0
50,34,0,1,0
50,36,0,1,0
50,37,0,1,0
50,38,641,2,0
50,39,0.00363,1,0
51,1,1.4,1,0
51,2,3.9,1,0
52,1,14.37,3,3
52,2,1.472,6,5
52,3,12.669999999999998,8,7
52,4,0.05,6,5
52,5,0.27999999999999997,5,5
52,11,0,2,1
52,15,0.037,2,1
52,20,0.05,2,1
52,21,0,1,1
52,23,0,1,1
52,24,0,1,1
52,29,0,1,1
52,31,0,1,1
52,34,0,1,1
52,36,0,2,2
52,38,79.03975,6,4
52,39,0.15012499999999998,3,2
53,1,0.8175,2,2
53,2,1.2375,4,4
53,3,16.829,5,5
53,4,0.07500000000000001,4,4
53,5,1.4,4,4
53,31,0,1,1
53,36,0,1,1
53,38,86.5865,2,2
53,39,0.3,1,1
54,1,12.966666666666667,5,3
54,2,1.65,15,5
54,3,12.936666666666667,18,6
54,4,0.4600000000000001,17,5
54,5,1.04,17,5
54,7,0.002,1,0
54,8,0,1,0
54,9,0,1,0
54,10,0,1,0
54,11,0.001,5,1
54,12,0,1,0
54,13,0.004,1,0
54,14,0,1,0
54,15,0.01,5,1
54,16,0,1,0
54,18,0,1,0
54,20,0.063,5,1
54,21,0.026,5,1
54,23,0,5,1
54,24,0,5,1
54,25,0,1,0
54,26,0,1,0
54,27,0,1,0
54,28,0,1,0
54,29,0,5,1
54,31,0,4,1
54,32,0,1,0
54,33,0,1,0
54,34,0,5,1
54,35,0,1,0
54,36,0,8,2
54,37,0,1,0
54,38,70.533,16,4
54,39,0.15015,9,2
55,2,0.76,1,1
55,3,9.62,1,1
55,4,0.04,1,1
55,5,1,1,1
55,38,98.5,2,2
55,39,0.00047999999999999996,1,1
56,1,0.7475,3,2
56,2,1.3129833333333334,16,6
56,3,16.679385714285715,18,7
56,4,0.16,17,6
56,5,0.9833333333333334,16,6
56,11,0.007,8,1
56,15,0.053,8,1
56,20,0.048,8,1
56,21,0.018,8,1
56,23,0,6,1
56,24,0,6,1
56,29,0,6,1
56,31,0,2,1
56,34,0,6,1
56,36,0,8,2
56,38,120.36683333333333,22,6
56,39,0.05025666666666667,8,6
57,1,0.7275,4,2
57,2,1.2753,24,10
57,3,16.32056818181818,27,11
57,4,0.22800000000000004,26,10
57,5,2.8600000000000003,26,10
57,11,0.005,14,6
57,15,0.034666666666666665,14,6
57,20,0.03149999999999999,14,6
57,21,0.011666666666666665,14,6
57,23,0,12,4
57,24,0,12,4
57,29,0,12,4
57,31,0,3,1
57,34,0,12,4
57,36,0,15,5
57,38,145.30107142857142,34,14
57,39,0.05758571428571429,21,7
58,1,2.8833333333333333,6,0
58,2,4.946129032258064,31,0
58,3,31.255675675675665,37,0
58,4,2.8254054054054047,37,0
58,5,2.2,37,0
58,6,0,5,0
58,7,0,4,0
58,8,0,5,0
58,11,0.004615384615384616,13,0
58,12,0,5,0
58,13,0.015,4,0
58,14,0,4,0
58,15,2.021076923076923,13,0
58,20,0.3594615384615384,13,0
58,21,0.01423076923076923,13,0
58,23,0,13,0
58,24,0.0010769230769230769,13,0
58,25,0,5,0
58,28,0,5,0
58,29,0,13,0
58,31,0.008166666666666666,12,0
58,34,0,13,0
58,36,0,19,0
58,37,0,1,0
58,38,482.90644736842114,38,0
58,39,4.033333333333333,6,0
59,1,4.3999999999999995,8,0
59,2,5.308030303030302,33,0
59,3,33.122051282051274,39,0
59,4,2.8254054054054047,37,0
59,5,2.2,37,0
59,6,0,5,0
59,7,0,4,0
59,8,0,5,0
59,11,0.004615384615384616,13,0
59,12,0,5,0
59,13,0.015,4,0
59,14,0,4,0
59,15,2.021076923076923,13,0
59,20,0.3594615384615384,13,0
59,21,0.01423076923076923,13,0
59,23,0,13,0
59,24,0.0010769230769230769,13,0
59,25,0,5,0
59,28,0,5,0
59,29,0,13,0
59,31,0.008166666666666666,12,0
59,34,0,13,0
59,36,0,19,0
59,37,0,1,0
59,38,482.90644736842114,38,0
59,39,3.0272200000000002,8,0
60,1,2.8833333333333333,6,0
60,2,4.946129032258064,31,0
60,3,31.255675675675665,37,0
60,4,2.8254054054054047,37,0
60,5,2.2,37,0
60,6,0,5,0
60,7,0,4,0
60,8,0,5,0
60,11,0.004615384615384616,13,0
60,12,0,5,0
60,13,0.015,4,0
60,14,0,4,0
60,15,2.021076923076923,13,0
60,20,0.3594615384615384,13,0
60,21,0.01423076923076923,13,0
60,23,0,13,0
60,24,0.0010769230769230769,13,0
60,25,0,5,0
60,28,0,5,0
60,29,0,13,0
60,31,0.008166666666666666,12,0
60,34,0,13,0
60,36,0,19,0
60,37,0,1,0
60,38,482.90644736842114,38,0
60,39,3.0272200000000002,8,0
61,1,6.433333333333334,5,3
61,2,5.621666666666667,14,6
61,3,14.803857142857142,17,7
61,4,0.264,15,5
61,5,1.6799999999999997,15,5
61,11,0.002,3,1
61,15,0.273,3,1
61,20,0.04,3,1
61,21,0,2,1
61,23,0,2,1
61,24,0,2,1
61,29,0,2,1
61,31,0,3,1
61,34,0,2,1
61,36,0,5,2
61,38,52.523,12,4
61,39,1.5,6,1
62,1,57.5,1,0
62,2,16.55,1,0
62,3,20.3,1,0
63,1,9.515,1,0
63,2,12.2525,2,0
63,3,57.92,2,0
63,4,5.85,1,0
63,5,3.9,1,0
63,11,0.003,1,0
63,15,0.39,1,0
63,20,0.754,1,0
63,21,1.242,1,0
63,23,0,1,0
63,24,0.006,1,0
63,29,0.013,1,0
63,34,0,1,0
63,36,0.006,1,0
63,38,804,2,0
63,39,0.005455,1,0
64,1,6.582958333333334,6,6
64,2,3.0654187499999996,17,16
64,3,16.156384210526323,20,19
64,4,0.0805263157894737,20,19
64,5,0.45000000000000007,19,18
64,11,0,4,3
64,15,0.0026666666666666666,4,3
64,20,0.026,4,3
64,21,0.03366666666666667,4,3
64,23,0,4,3
64,24,0,4,3
64,29,0,4,3
64,31,0,3,3
64,34,0,4,3
64,36,0,7,6
64,38,64.9836,17,15
64,39,0.26270249999999995,9,8
65,1,9.6617125,8,4
65,2,1.4149555555555553,27,9
65,3,5.643677272727273,33,11
65,4,0.047,32,10
65,5,0.5777777777777778,31,9
65,7,0,2,2
65,8,0,2,2
65,11,0,8,2
65,12,0,2,2
65,15,0.0035,8,2
65,20,0.015,8,2
65,21,0.0035,8,2
65,23,0,7,2
65,24,0,7,2
65,25,0,2,2
65,28,0,2,2
65,29,0,7,2
65,31,0,7,3
65,34,0,7,2
65,36,0,12,3
65,38,32.389375,28,8
65,39,0.275185,14,4
66,1,0.566625,5,4
66,2,1.54675,57,20
66,3,4.960434782608695,61,23
66,4,0.15636363636363637,60,22
66,5,0.7749999999999999,57,20
66,7,0.003,5,2
66,8,0,5,2
66,9,0.0025,5,2
66,10,0,5,2
66,11,0.005000000000000001,44,10
66,12,0,5,2
66,13,0.006500000000000001,5,2
66,14,0,5,2
66,15,0.0154,44,10
66,16,0,5,2
66,18,0,5,2
66,20,0.032100000000000004,44,10
66,21,0.05189999999999999,44,10
66,23,0,26,6
66,24,0,26,6
66,25,0,5,2
66,26,0,5,2
66,27,0,5,2
66,28,0,5,2
66,29,0,26,6
66,31,0.0012000000000000001,9,5
66,32,0,5,2
66,33,0,5,2
66,34,0,26,6
66,35,0,5,2
66,36,0,30,9
66,37,0,5,2
66,38,51.12342307692308,96,26
66,39,0.15436630769230766,48,13
67,1,20.219,1,0
67,2,18.354999999999997,2,0
67,3,47.42,2,0
67,4,22.27,1,0
67,5,10.5,1,0
67,11,0.212,1,0
67,15,13.618,1,0
67,20,3.103,1,0
67,21,0.176,1,0
67,23,0,1,0
67,24,0.212,1,0
67,29,0,1,0
67,34,0,1,0
67,36,0,1,0
67,38,971,2,0
67,39,0.007627,1,0
68,1,8.55,1,0
68,2,11.865,2,0
68,3,55.165000000000006,2,0
68,4,9.88,1,0
68,5,21.1,1,0
68,11,0,1,0
68,15,1.66,1,0
68,20,1.694,1,0
68,21,0.482,1,0
68,23,0,1,0
68,24,0,1,0
68,29,0,1,0
68,34,0,1,0
68,36,0,1,0
68,38,917.5,2,0
68,39,0.0070869999999999995,1,0
69,1,0.1,3,1
69,2,0.325,5,4
69,3,14.540000000000001,6,5
69,4,0.04,5,5
69,5,1.14,5,5
69,11,0,1,1
69,15,0.036,1,1
69,20,0.049,1,1
69,21,0,1,1
69,23,0,1,1
69,24,0,1,1
69,29,0,1,1
69,31,0,1,1
69,34,0,1,1
69,36,0,2,2
69,38,137.3135,4,4
69,39,0.20020000000000002,2,2
70,1,7.1,1,1
70,2,5.01,2,2
70,3,25.31,1,1
70,4,0.49,1,1
70,11,0.012,1,1
70,15,0.042,1,1
70,20,0.138,1,1
70,21,0.031,1,1
70,31,0.009,1,1
70,38,256.5,2,2
70,39,0.00181,1,1
71,1,0.2,1,1
71,2,2.5925000000000002,9,4
71,3,8.342,10,5
71,4,0.06999999999999999,10,5
71,5,3.2400000000000007,10,5
71,11,0,3,1
71,15,0.005,6,1
71,20,0.046,6,1
71,21,0.017,6,1
71,23,0,3,1
71,24,0,3,1
71,29,0,3,1
71,31,0,1,1
71,34,0,3,1
71,36,0,4,2
71,38,109.29825,14,4
71,39,0.15788585714285713,7,7
72,1,10.4925,2,2
72,2,8.9,1,1
72,3,47.55,1,1
73,2,0.58,2,1
73,3,18.59,2,1
73,4,0.19,2,1
73,5,3.6,2,1
73,11,0,1,1
73,15,0.037,1,1
73,20,0.039,1,1
73,21,0.004,1,1
73,23,0,1,1
73,24,0,1,1
73,29,0,1,1
73,34,0,1,1
73,36,0,1,1
73,38,181.5,4,2
73,39,0.00033,2,1
74,1,5.425,2,0
74,2,11.186666666666667,3,0
74,3,66.67333333333333,3,0
74,4,6.7,1,0
74,5,28,1,0
74,11,0.02,1,0
74,15,0.85,1,0
74,20,0.31,1,0
74,21,0.12,1,0
74,38,807,2,0
74,39,0.005785,1,0
76,1,0.2,3,1
76,2,0.3325,5,4
76,3,11.428,6,5
76,4,0.1,5,5
76,5,1.02,5,5
76,11,0,1,1
76,15,0.008,1,1
76,20,0.077,1,1
76,21,0.013,1,1
76,23,0,1,1
76,24,0,1,1
76,29,0,1,1
76,31,0,1,1
76,34,0,1,1
76,36,0,2,2
76,38,112.30125,4,4
76,39,0.25025,2,2
77,2,2.58,1,1
77,3,3.65,1,1
77,4,0.66,1,1
77,5,1.6,1,1
77,11,0.001,1,1
77,15,0.046,1,1
77,20,0.13,1,1
77,21,0.17,1,1
77,23,0,1,1
77,24,0,1,1
77,29,0.002,1,1
77,34,0,1,1
77,36,0,1,1
77,38,65,2,2
77,39,0.00141,1,1
79,1,2.55,5,2
79,2,7.066666666666666,15,6
79,3,74.07499999999999,19,8
79,4,0.7999999999999999,19,8
79,5,1.8000000000000003,17,7
79,11,0.0165,4,0
79,15,0.71425,4,0
79,20,0.6944999999999999,4,0
79,21,0.05625000000000001,4,0
79,23,0,4,0
79,24,0,4,0
79,29,0,4,0
79,31,0,2,1
79,34,0.0085,4,0
79,36,0,6,1
79,38,760.2595,15,4
79,39,1.35,8,2
81,1,0.3,6,1
81,2,1.15,17,5
81,3,25.674999999999997,21,6
81,4,0.2883333333333334,19,6
81,5,3.0833333333333335,18,6
81,11,0.0005,6,2
81,15,0.112,7,2
81,20,0.2445,7,2
81,21,0,6,2
81,23,0,6,2
81,24,0,6,2
81,29,0,6,2
81,31,0,3,1
81,34,0,6,2
81,36,0,9,3
81,38,333.22083333333336,20,6
81,39,0.23417366666666664,10,3
82,1,0.2,4,1
82,2,1.06,10,4
82,3,4.6579999999999995,12,5
82,4,0.08,10,5
82,5,1.42,10,5
82,15,9.91,1,0
82,20,1.69,1,0
82,31,0,2,1
82,36,0,2,1
82,38,64.7745,8,4
82,39,0.5005255,4,2
83,1,0.6,8,1
83,2,0.5425,29,4
83,3,7.976000000000001,37,5
83,4,0.27999999999999997,37,5
83,5,1,37,5
83,11,0.001,5,1
83,15,0.042,5,1
83,20,0.09,5,1
83,21,0.065,5,1
83,23,0,5,1
83,24,0,5,1
83,29,0,5,1
83,31,0,8,1
83,34,0,5,1
83,36,0,13,2
83,38,84.5425,26,4
83,39,0.20020000000000002,12,2
85,1,5.908333333333334,10,6
85,2,22.033571428571424,69,14
85,3,21.63625,75,16
85,4,5.794285714285714,73,14
85,5,3.4909090909090907,66,11
85,7,0,4,0
85,8,0,4,0
85,9,0.088125,8,0
85,10,0,1,0
85,11,0.029,46,7
85,12,0.012,5,0
85,13,22.364090909090912,11,0
85,14,7.9030000000000005,11,0
85,15,2.416857142857143,46,7
85,16,0,1,0
85,17,2.3668333333333336,6,0
85,18,0.13474999999999998,4,0
85,19,0.533,1,0
85,20,5.498285714285714,46,7
85,21,0.7361428571428572,46,7
85,22,0.3568888888888889,9,0
85,23,0,30,1
85,24,0.008,35,3
85,25,0.0005,4,0
85,26,0,1,0
85,27,0,1,0
85,28,0,4,0
85,29,0,29,1
85,30,0,2,0
85,31,0,18,1
85,33,0.001,1,0
85,34,0,30,1
85,35,0,3,0
85,36,0,35,2
85,37,0,3,0
85,38,703.4911764705882,111,17
85,39,0.21688914285714286,46,7
86,1,64.56333333333333,3,0
86,2,12.653863636363637,22,0
86,3,13.244583333333333,24,0
86,4,55.82043478260869,23,0
86,5,4.126086956521739,23,0
86,6,0,2,0
86,7,0.0004,5,0
86,8,0,5,0
86,9,0.047,5,0
86,10,0.004,4,0
86,11,0.05180000000000002,15,0
86,12,0.0042,5,0
86,13,30.0842,5,0
86,14,0.03320000000000001,5,0
86,15,26.85880000000001,15,0
86,16,0.003,2,0
86,17,0.219,1,0
86,18,0.047,4,0
86,20,28.36533333333333,15,0
86,21,0.12993333333333332,15,0
86,22,0,1,0
86,23,0.0010769230769230769,13,0
86,24,0.12713333333333332,15,0
86,25,0.002,5,0
86,26,0.001,2,0
86,27,0.002,2,0
86,28,0.0012000000000000001,5,0
86,29,0.0015384615384615385,13,0
86,30,0,1,0
86,31,0.5293333333333333,9,0
86,32,0.003,2,0
86,33,0,2,0
86,34,0.0026923076923076926,13,0
86,35,0.002,3,0
86,36,0,15,0
86,37,0.0016,5,0
86,38,1735.8056176470586,34,0
86,39,0.15580607368421054,19,0
87,1,5.741666666666667,3,0
87,2,13.275,2,0
88,1,2.7,5,2
88,2,7.13,14,7
88,3,71.01333333333334,16,9
88,4,1.1622222222222225,13,9
88,5,5.533333333333334,13,9
88,11,0.003,5,1
88,15,0.122,5,1
88,20,0.505,5,1
88,21,0.055,5,1
88,23,0,5,1
88,24,0,5,1
88,29,0,5,1
88,31,0,2,2
88,34,0,5,1
88,36,0,7,3
88,38,786.3149999999999,14,6
88,39,0.8337036666666666,7,3
91,1,7.9,1,1
91,2,10.950000000000001,4,2
91,3,17.355,4,2
91,4,0.2,3,1
91,5,2.1,3,1
91,11,0.003,1,0
91,15,0.003,1,0
91,20,0.015,1,0
91,21,0.079,1,0
91,23,0,1,0
91,24,0,1,0
91,29,0,1,0
91,34,0,1,0
91,36,0,1,0
91,38,49,6,2
92,1,1.0925,5,4
92,2,3.5167624999999996,23,8
92,3,21.769000000000002,26,10
92,4,0.12777777777777777,26,9
92,5,1.475,24,8
92,7,0,5,1
92,8,0,5,1
92,11,0,9,1
92,12,0,5,1
92,15,0.006500000000000001,16,2
92,20,0.063,16,2
92,21,0.011000000000000001,16,2
92,23,0,8,1
92,24,0,8,1
92,25,0,5,1
92,28,0,5,1
92,29,0,8,1
92,31,0,6,2
92,34,0,8,1
92,36,0,9,2
92,38,132.2342857142857,36,7
92,39,0.50058775,18,4
93,1,43.25,3,0
93,2,17.2525,4,0
93,3,26.772,5,0
93,4,30.025,4,0
93,5,4.133333333333333,3,0
93,7,0,1,0
93,8,0,1,0
93,11,0.063,1,0
93,12,0,1,0
93,15,14.533,1,0
93,20,33.072,1,0
93,21,2.006,1,0
93,23,0,1,0
93,24,0.408,1,0
93,25,0,1,0
93,28,0,1,0
93,29,0,1,0
93,31,0,1,0
93,34,0,1,0
93,36,0,1,0
93,38,1068.2823333333333,3,0
93,39,0.4268415,4,0
94,1,55.05,1,0
94,2,16.14,2,0
94,3,15.805,2,0
94,4,65.21,1,0
94,5,6.7,1,0
94,6,0,1,0
94,7,0,1,0
94,11,0,1,0
94,15,8.799,1,0
94,20,38.093,1,0
94,21,9.08,1,0
94,23,0,1,0
94,24,0.134,1,0
94,25,0,1,0
94,28,0,1,0
94,29,0,1,0
94,31,0,1,0
94,34,0,1,0
94,36,0,1,0
94,37,0,1,0
94,38,1696,2,0
94,39,0.0017809999999999998,1,0
95,1,0.73,5,5
95,2,1.5317552631578948,19,19
95,3,3.903767391304348,23,23
95,4,0.13772727272727275,22,22
95,5,0.9045454545454547,22,22
95,11,0.002,4,4
95,15,0.006,4,4
95,20,0.0315,4,4
95,21,0.0765,4,4
95,23,0,4,4
95,24,0,4,4
95,29,0,4,4
95,31,0,4,4
95,34,0,4,4
95,36,0,8,8
95,38,38.8647,20,20
95,39,0.24033800000000002,10,10
97,2,7.61,1,0
97,3,74.97,1,0
97,4,8.36,1,0
97,5,26.3,1,0
97,11,0.14,1,0
97,15,1.5,1,0
97,20,1.24,1,0
97,21,1.05,1,0
97,23,0,1,0
97,24,0,1,0
97,29,0,1,0
97,34,0,1,0
97,36,0,1,0
97,38,812.5,2,0
97,39,0.0036230000000000004,1,0
98,1,1.8333333333333333,6,3
98,2,16.025833333333335,21,12
98,3,44.21133333333333,25,15
98,4,0.6453333333333332,23,15
98,5,6.858333333333333,18,12
98,11,0.003,3,1
98,15,0.258,7,3
98,20,0.49033333333333334,7,3
98,21,0.13233333333333333,7,3
98,23,0,2,1
98,24,0.0085,4,2
98,29,0,2,1
98,31,0.007,3,2
98,34,0,2,1
98,36,0,4,2
98,38,635.7045833333333,22,12
98,39,1.425678,7,4
99,1,0.5,3,1
99,2,2.15,8,4
99,3,2.7,8,5
99,4,0.32,7,5
99,5,0.8600000000000001,7,5
99,11,0,2,1
99,15,0.087,3,1
99,20,0.152,3,1
99,21,0.076,3,1
99,23,0,2,1
99,24,0.061,3,1
99,29,0,2,1
99,31,0,1,1
99,34,0.091,3,1
99,36,0,3,2
99,38,66.27475,8,4
99,39,0.250905,4,2
100,1,14.7,1,0
100,2,20,1,0
101,1,31,4,1
101,2,18,11,3
101,3,27.1,13,4
101,4,15.05,11,4
101,5,9,10,4
101,7,0.004,2,0
101,8,0,2,0
101,9,0.058499999999999996,2,0
101,10,0,2,0
101,11,0.04700000000000001,3,0
101,12,0.0205,2,0
101,13,19.3275,2,0
101,14,0.059,2,0
101,15,15.377333333333334,3,0
101,16,0.0245,2,0
101,18,0.0675,2,0
101,20,12.004,3,0
101,21,41.70366666666666,3,0
101,23,0,3,0
101,24,0.0335,2,0
101,25,0.024000000000000004,3,0
101,26,0.079,2,0
101,27,0.020499999999999997,2,0
101,28,0.0995,2,0
101,29,0,3,0
101,31,0.038,5,1
101,32,0.0175,2,0
101,33,0.0125,2,0
101,34,0.024333333333333335,3,0
101,35,0.013999999999999999,2,0
101,36,0,5,1
101,37,0.04566666666666667,3,0
101,38,1013.012,10,2
101,39,3,5,1
103,1,0.4,1,1
103,2,0.6325000000000001,5,4
103,3,15.986,6,5
103,4,0.168,6,5
103,5,0.78,6,5
103,11,0.001,2,1
103,15,0.119,2,1
103,20,0.067,2,1
103,21,0.065,2,1
103,23,0,2,1
103,24,0,2,1
103,29,0,2,1
103,31,0,1,1
103,34,0,2,1
103,36,0,3,2
103,38,159.82425,6,4
103,39,0.20022,2,2
105,1,5.842625,7,4
105,2,0.2512272727272727,44,11
105,3,15.216153846153848,49,13
105,4,0.21818181818181817,47,11
105,5,1.2750000000000001,45,12
105,7,0.005,1,0
105,8,0,1,0
105,11,0,20,2
105,12,0,1,0
105,15,0.006,25,2
105,20,0.037,25,2
105,21,0.008,25,2
105,23,0,16,2
105,24,0,17,2
105,25,0,1,0
105,28,0,1,0
105,29,0,17,2
105,31,0,7,3
105,34,0,16,2
105,36,0,22,5
105,38,130.2708888888889,63,9
105,39,0.15009,34,4
106,1,3.548625,4,4
106,2,2.867142857142857,8,7
106,3,23.6285,8,7
106,4,0.256,6,5
106,5,1.08,6,5
106,11,0.067,2,1
106,15,0.075,2,1
106,20,0.019,2,1
106,21,0.051,2,1
106,23,0,2,1
106,24,0,2,1
106,29,0,2,1
106,31,0,1,1
106,34,0,2,1
106,36,0,3,2
106,38,148.0705,6,4
106,39,0.15018,3,2
108,1,11.5,1,0
108,2,29.3,1,0
112,1,2.0646999999999998,1,0
112,2,3.29,3,1
112,3,8.41,3,1
112,4,0.73,2,1
112,5,6.8,2,1
112,11,0.002,2,1
112,15,0.022,2,1
112,20,0.054,2,1
112,21,0.338,2,1
112,38,114,4,2
112,39,0.002032,2,1
113,1,5.4,1,0
113,2,3.75,3,1
113,3,14.89,2,1
113,4,0.94,1,1
113,5,8,1,1
113,11,0.002,1,1
113,15,0.029,1,1
113,20,0.069,1,1
113,21,0.435,1,1
113,38,181.5,2,2
113,39,0.001761,1,1
115,1,13.524999999999999,2,2
115,2,9.225000000000001,8,4
115,3,20.4725,8,4
115,4,0.43,6,2
115,5,2.8,5,1
115,11,0.001,2,0
115,15,0.0175,2,0
115,20,0.045,2,0
115,21,0.0325,2,0
115,23,0,2,0
115,24,0,2,0
115,29,0,2,0
115,34,0,2,0
115,36,0,2,0
115,38,61,12,4
115,39,0.0010303333333333332,6,6
117,2,1.44,1,1
117,3,9.8,1,1
117,4,0.39,1,1
117,5,1.7,1,1
117,11,0,1,1
117,15,0.041,1,1
117,20,0.206,1,1
117,21,0.001,1,1
117,23,0,1,1
117,24,0,1,1
117,29,0,1,1
117,34,0,1,1
117,36,0,1,1
117,38,111.5,2,2
117,39,0.00069,1,1
118,1,32.4,3,0
118,2,4.7875,8,0
118,3,36.85444444444445,9,0
118,4,33.49857142857143,7,0
118,5,11.799999999999999,7,0
118,11,0.66,3,0
118,15,5.66,3,0
118,20,1.553333333333333,3,0
118,21,0.02666666666666667,3,0
118,23,0,3,0
118,24,0,3,0
118,29,0,3,0
118,31,0,1,0
118,34,0,3,0
118,36,0,4,0
118,38,1482.886625,8,0
118,39,0.5761434999999999,4,0
119,1,3.9716,1,1
119,2,8.785,3,2
119,3,18.325,3,2
119,4,0.64,2,1
119,5,1.6,2,1
119,6,0,1,0
119,7,0,1,0
119,8,0,1,0
119,11,0,2,1
119,12,0,1,0
119,13,1.067,1,0
119,14,0,1,0
119,15,0.088,2,1
119,20,0.073,2,1
119,21,0.316,2,1
119,23,0,2,1
119,24,0,2,1
119,25,0,1,0
119,28,0,1,0
119,29,0,2,1
119,31,0,1,0
119,34,0,2,1
119,36,0,2,1
119,37,0,1,0
119,38,58.5,4,2
119,39,0.0014910000000000001,2,1
120,1,13.4,2,0
120,2,16.3027,1,0
120,3,56.55,1,0
121,1,29.525,8,0
121,2,1.9968421052631582,19,0
121,3,10.554782608695652,23,0
121,4,21.548500000000004,20,0
121,5,1.5789473684210527,19,0
121,7,0,1,0
121,11,0.37975,4,0
121,12,0.125,1,0
121,15,23.794500000000003,4,0
121,20,3.092,4,0
121,21,0.2395,4,0
121,23,0,4,0
121,24,0.1025,4,0
121,29,0,4,0
121,31,0.03225,4,0
121,34,0,4,0
121,36,0,7,0
121,38,784.8874375000001,16,0
121,39,2.0261234999999997,8,0
122,1,4.2975,1,0
122,2,12.94375,2,0
122,3,61.77125,2,0
122,4,7.04,1,0
122,5,40.3,1,0
122,11,0,1,0
122,15,0.94,1,0
122,20,1.175,1,0
122,21,3.23,1,0
122,23,0,1,0
122,24,0,1,0
122,29,0,1,0
122,34,0,1,0
122,36,0,1,0
122,38,703.5,2,0
122,39,0.012112,1,0
124,1,10.697,1,0
124,2,10.237025,2,0
124,3,67.91527500000001,2,0
124,4,4.28,1,0
124,5,42.5,1,0
124,6,0,1,0
124,7,0,1,0
124,8,0,1,0
124,11,0.004,1,0
124,12,0,1,0
124,13,0.712,1,0
124,14,0,1,0
124,15,0.712,1,0
124,20,0.748,1,0
124,21,0.621,1,0
124,23,0,1,0
124,24,0,1,0
124,25,0,1,0
124,28,0,1,0
124,29,0,1,0
124,31,0,1,0
124,34,0,1,0
124,36,0,1,0
124,37,0,1,0
124,38,686,2,0
124,39,0.007877,1,0
125,1,1.8800000000000001,10,5
125,2,6.017727272727272,60,22
125,3,78.46222222222222,68,27
125,4,0.8640740740740739,66,27
125,5,1.15,59,24
125,7,0,6,0
125,11,0.004285714285714287,33,7
125,15,0.4149999999999999,33,7
125,20,0.3727142857142857,33,7
125,21,0.028428571428571425,33,7
125,23,0,19,2
125,24,0,19,2
125,29,0,19,2
125,31,0,13,4
125,34,0,19,2
125,36,0,26,6
125,38,868.5689583333334,84,24
125,39,0.40042419999999995,47,10
126,1,3.75,2,0
126,2,11.02,10,1
126,3,72.85,12,1
126,4,4.22,12,1
126,5,8.5,12,1
126,7,0.002,1,0
126,8,0,1,0
126,9,0.007,1,0
126,10,0,1,0
126,11,0.014,4,1
126,12,0,1,0
126,13,0.895,1,0
126,14,0,1,0
126,15,0.739,4,1
126,16,0,1,0
126,18,0.003,1,0
126,20,2.015,4,1
126,21,0.118,4,1
126,23,0,3,0
126,24,0.02,4,1
126,25,0.002,1,0
126,26,0,1,0
126,27,0,1,0
126,28,0,1,0
126,29,0.006666666666666667,3,0
126,31,0.005,3,0
126,32,0,1,0
126,33,0,1,0
126,34,0,3,0
126,35,0.001,1,0
126,36,0,5,0
126,37,0.001,1,0
126,38,980,12,2
126,39,0.0032530000000000002,6,1
127,1,44.7,1,0
127,2,9.725,4,0
127,3,14.959999999999999,5,0
127,4,37.34,5,0
127,5,4,5,0
127,11,0,1,0
127,15,19.7,1,0
127,20,62.4,1,0
127,21,0,1,0
127,23,0,1,0
127,24,0,1,0
127,29,0,1,0
127,31,0,1,0
127,34,0,1,0
127,36,0,2,0
127,38,1714.56825,4,0
127,39,3.4,2,0
128,1,0.7,3,1
128,2,1.7500000000000002,8,4
128,3,19.236,8,5
128,4,0.27999999999999997,7,5
128,5,6.24,7,5
128,11,0,3,1
128,15,0.086,3,1
128,20,0.41,3,1
128,21,0.001,3,1
128,23,0,3,1
128,24,0,3,1
128,29,0,3,1
128,31,0,1,1
128,34,0,3,1
128,36,0,4,2
128,38,217.59175,8,4
128,39,0.40040000000000003,4,2
129,1,8.3,3,3
129,2,4.3,8,6
129,3,18.894166666666663,8,6
129,4,0.24,7,5
129,5,2.7800000000000002,7,5
129,11,0.003,3,1
129,15,0.102,3,1
129,20,0.041,3,1
129,21,0.003,3,1
129,23,0,2,0
129,24,0,1,0
129,29,0,2,0
129,31,0,1,1
129,34,0,2,0
129,36,0,2,1
129,38,162.8155,8,4
129,39,0.50049,4,2
130,1,30.975,2,2
130,2,2.127142857142857,8,7
130,3,11.655,9,8
130,4,10.118571428571428,8,7
130,5,4.2142857142857135,8,7
130,7,0,2,2
130,8,0,2,2
130,11,0.7403333333333334,4,3
130,12,0.01,2,2
130,15,7.607,4,3
130,20,1.6426666666666667,4,3
130,21,0.11533333333333333,4,3
130,23,0,2,2
130,24,0.025,2,2
130,25,0,2,2
130,28,0.016,2,2
130,29,0,2,2
130,31,0,3,3
130,34,0,2,2
130,36,0,3,3
130,38,385.095625,10,8
130,39,0.7010807499999999,5,4
131,1,6.902725,4,4
131,2,5.419422222222222,11,9
131,3,10.372525,12,10
131,4,0.44333333333333336,11,9
131,5,2.233333333333333,11,9
131,6,0,1,0
131,7,0,1,0
131,8,0,1,0
131,9,0,1,0
131,10,0,1,0
131,11,0.008,2,1
131,12,0,1,0
131,13,0.761,1,0
131,14,0,1,0
131,15,0.287,2,1
131,16,0,1,0
131,20,0.115,2,1
131,21,0.008,2,1
131,23,0,2,1
131,24,0,2,1
131,25,0,1,0
131,26,0,1,0
131,27,0,1,0
131,28,0,1,0
131,29,0,2,1
131,31,0,3,2
131,32,0,1,0
131,33,0,1,0
131,34,0,2,1
131,35,0,1,0
131,36,0,4,3
131,37,0,1,0
131,38,104.23966666666666,10,6
131,39,1.30074,5,3
132,1,1.3,2,2
132,2,17.425,2,2
132,3,48.325,2,2
133,1,1.4349750000000001,4,0
133,2,16.30666666666667,22,3
133,3,48.79333333333333,22,3
133,4,0.8266666666666667,18,3
133,5,14.833333333333334,18,3
133,11,0.0033333333333333335,15,3
133,15,0.057666666666666665,18,3
133,20,0.26333333333333336,18,3
133,21,0.12,18,3
133,23,0,11,3
133,24,0.0003333333333333333,15,3
133,29,0,11,3
133,34,0.0033333333333333335,15,3
133,36,0,11,3
133,38,679.1666666666666,36,6
133,39,0.0024052000000000006,18,5
134,1,1.6896916666666666,12,6
134,2,13.637279032258066,127,31
134,3,33.142843939393934,135,33
134,4,0.7225000000000003,130,28
134,5,11.838461538461539,117,26
134,6,0,5,1
134,7,0,9,1
134,8,0,9,1
134,9,0.0072499999999999995,4,0
134,10,0.00025,4,0
134,11,0.00045454545454545455,55,11
134,12,0,9,1
134,13,0.117,9,1
134,14,0,9,1
134,15,0.08594736842105265,95,19
134,16,0.00375,4,0
134,18,0.04275,4,0
134,20,0.2233684210526316,95,19
134,21,0.27057894736842103,95,19
134,23,0,37,8
134,24,0,43,9
134,25,0,9,1
134,26,0,4,0
134,27,0.00075,4,0
134,28,0,9,1
134,29,0,41,9
134,31,0,18,4
134,32,0,4,0
134,33,0,4,0
134,34,0.0008888888888888889,43,9
134,35,0,4,0
134,36,0,45,10
134,37,0.001,4,0
134,38,605.6577906976744,211,43
134,39,0.04794495454545455,102,22
135,1,3.4000000000000004,3,0
135,2,2.4514285714285715,7,0
135,3,77.74749999999999,8,0
135,4,0.24,6,0
135,5,4.583333333333333,6,0
135,7,0,1,0
135,8,0,1,0
135,11,0.001,1,0
135,12,0,1,0
135,15,0.035,1,0
135,20,0.016,1,0
135,21,0.003,1,0
135,23,0,1,0
135,24,0,1,0
135,25,0,1,0
135,28,0,1,0
135,29,0,1,0
135,31,0,2,0
135,34,0,1,0
135,36,0,2,0
135,38,712.5628333333334,6,0
135,39,0.5344503333333334,3,0
137,1,24,1,0
137,2,18.825000000000003,2,0
137,3,51.535,2,0
137,4,15.9,1,0
137,5,14.6,1,0
137,11,0,1,0
137,15,9.78,1,0
137,20,3.15,1,0
137,21,0,1,0
137,23,0,1,0
137,24,0,1,0
137,29,0,1,0
137,34,0,1,0
137,36,0,1,0
137,38,874,2,0
137,39,0.006956,1,0
138,1,68.4,1,0
138,2,10.220000000000002,5,0
138,3,18.19,6,0
138,4,39.37500000000001,6,0
138,5,9.083333333333334,6,0
138,7,0,2,0
138,8,0,2,0
138,11,0.0385,2,0
138,12,0,2,0
138,15,16.6235,2,0
138,20,23.674999999999997,2,0
138,21,0.117,2,0
138,23,0,2,0
138,24,0.5055000000000001,2,0
138,25,0.24200000000000002,2,0
138,28,0.1765,2,0
138,29,0,2,0
138,31,0.060666666666666674,3,0
138,34,0,2,0
138,36,0,3,0
138,38,1541.3255,6,0
138,39,1.301296,2,0
139,1,4.3485,2,2
139,2,8.853425000000001,6,4
139,3,59.162,7,5
139,4,1.6,6,4
139,5,13.25,6,4
139,6,0,1,0
139,7,0.016,1,0
139,8,0,1,0
139,11,0.077,1,0
139,12,0,1,0
139,13,0.647,1,0
139,14,0,1,0
139,15,0.647,1,0
139,20,0.694,1,0
139,21,0.152,1,0
139,23,0,1,0
139,24,0,1,0
139,25,0,1,0
139,28,0.152,1,0
139,29,0,1,0
139,31,0,2,1
139,34,0,1,0
139,36,0,2,1
139,37,0,1,0
139,38,639.639,6,2
139,39,4.3,3,1
140,1,47.42283333333333,3,0
140,2,20.27,10,1
140,3,27.51,12,1
140,4,45.39,11,1
140,5,10.3,11,1
140,6,0,3,1
140,7,0,3,1
140,8,0.009,2,0
140,11,0.473,3,1
140,12,0.019,2,0
140,14,0,2,0
140,15,23.174,3,1
140,18,0,2,0
140,20,13.485,3,1
140,21,0.259,3,1
140,23,0,3,1
140,24,0.174,3,1
140,25,0,3,1
140,28,0,3,1
140,29,0,3,1
140,31,0.044,5,1
140,34,0,3,1
140,36,0,5,1
140,37,0,3,1
140,38,1457,10,2
140,39,0.002992,4,1
141,1,1.4911083333333337,8,6
141,2,9.9818625,42,16
141,3,28.3673,47,19
141,4,0.49,44,16
141,5,4.628571428571428,39,14
141,11,0,17,3
141,15,0.08725000000000001,24,4
141,20,0.22575,24,4
141,21,0.04825,24,4
141,23,0,14,3
141,24,0.0033333333333333335,15,3
141,29,0,14,3
141,31,0,4,2
141,34,0,14,3
141,36,0,17,5
141,38,356.7818571428571,58,14
141,39,0.6837618333333334,27,6
142,1,10.3225,2,0
142,2,1.3,4,1
142,3,3.43,4,1
142,4,0.1,3,1
142,38,41.5,6,2
142,39,0.001361,3,1
143,1,0.3,4,1
143,2,1,13,3
143,3,11.55,17,4
143,4,0.15,17,4
143,5,0.65,17,4
143,11,0.001,1,0
143,15,0.049,1,0
143,20,0.028,1,0
143,21,0.027,1,0
143,23,0,1,0
143,24,0,1,0
143,29,0,1,0
143,31,0,4,1
143,34,0,1,0
143,36,0,5,1
143,38,115.6155,10,2
143,39,0.6,6,1
144,1,16.05333333333333,5,3
144,2,6.908333333333332,31,6
144,3,15.532857142857143,34,7
144,4,0.178,32,5
144,5,1.04,30,5
144,7,0,1,0
144,11,0,12,1
144,15,0.17,20,1
144,20,0.077,20,1
144,21,0,12,1
144,23,0,12,1
144,24,0,12,1
144,29,0,12,1
144,31,0,4,1
144,34,0,12,1
144,36,0,15,2
144,38,104.7925,46,4
144,39,0.350375,23,2
145,2,1.06,8,1
145,3,16.01,8,1
145,4,0.2,8,1
145,5,2.1,8,1
145,11,0.001,7,1
145,15,0.047,8,1
145,20,0.027,8,1
145,21,0.026,8,1
145,23,0,7,1
145,24,0,7,1
145,29,0,7,1
145,34,0,7,1
145,36,0,7,1
145,38,163,16,2
145,39,0.00047999999999999996,7,1
146,1,2.55,1,1
146,2,3.32225,7,2
146,3,30.589,7,2
146,4,0.3,6,1
146,5,1.6,6,1
146,11,0.001,4,1
146,15,0.081,6,1
146,20,0.046,6,1
146,21,0.044,6,1
146,23,0,4,1
146,24,0,4,1
146,29,0,4,1
146,34,0,4,1
146,36,0,4,1
146,38,129.5,12,2
146,39,0.0004,7,1
147,1,14.420716666666666,4,3
147,2,3.8766249999999998,24,8
147,3,31.553462499999995,25,8
147,4,0.2842857142857143,24,7
147,5,1.95,22,6
147,7,0,1,1
147,8,0,1,1
147,11,0.015666666666666666,14,3
147,12,0,1,1
147,15,0.20766666666666667,14,3
147,20,0.08233333333333333,14,3
147,21,0.0085,10,2
147,23,0,10,2
147,24,0,10,2
147,25,0,1,1
147,28,0,1,1
147,29,0,10,2
147,31,0.0005,3,2
147,34,0,10,2
147,36,0,12,3
147,38,427.522375,36,8
147,39,0.0868932857142857,18,7
148,1,39.1,2,1
148,2,15,15,3
148,3,24.9,16,4
148,4,19.150000000000002,15,4
148,5,4.6,15,4
148,6,0,6,0
148,7,0,8,0
148,8,0,6,0
148,9,0.231,1,0
148,10,0.012,1,0
148,11,0.2700909090909091,11,0
148,12,0.04466666666666667,6,0
148,13,30.611,1,0
148,14,0,1,0
148,15,34.58681818181819,11,0
148,16,0.001,1,0
148,18,0.005,1,0
148,20,12.521272727272729,11,0
148,21,0.054636363636363636,11,0
148,23,0,9,0
148,24,0.011181818181818182,11,0
148,25,0.0005,8,0
148,28,0,8,0
148,29,0,10,0
148,31,0,9,1
148,34,0,9,0
148,36,0,10,1
148,37,0,6,0
148,38,1108.107,24,2
148,39,3,14,1
149,1,14.697666666666665,5,3
149,2,5.692083333333334,29,6
149,3,16.665,31,6
149,4,0.19,30,5
149,5,0.9800000000000001,28,5
149,11,0.002,15,1
149,15,0.065,17,1
149,20,0.084,17,1
149,21,0.002,15,1
149,23,0,12,1
149,24,0,12,1
149,29,0,14,1
149,31,0,3,1
149,34,0,12,1
149,36,0,15,2
149,38,100.5495,42,4
149,39,0.4,20,1
150,1,5.2775,4,4
150,2,3.8349999999999995,8,6
150,3,16.204666666666665,8,6
150,4,0.35,7,5
150,5,3.04,7,5
150,11,0.005,2,1
150,15,0.082,2,1
150,20,0.288,2,1
150,21,0.112,2,1
150,23,0,2,1
150,24,0,2,1
150,29,0,2,1
150,31,0,1,1
150,34,0,2,1
150,36,0,3,2
150,38,132.54425,8,4
150,39,0.2506955,5,2
151,1,0.3,3,1
151,2,0.9675,7,4
151,3,17.259999999999998,7,5
151,4,0.294,6,5
151,5,1.0399999999999998,6,5
151,11,0.012,2,1
151,15,0.077,2,1
151,20,0.079,2,1
151,21,0,2,1
151,23,0,2,1
151,24,0.004,2,1
151,29,0,2,1
151,31,0,1,1
151,34,0,2,1
151,36,0,3,2
151,38,186.07875,6,4
151,39,0.300265,3,2
152,1,1.0247,3,2
152,2,0.5068999999999999,22,5
152,3,19.945766666666668,24,6
152,4,0.124,23,5
152,5,1.9,23,5
152,11,0.001,11,1
152,15,0.025,13,1
152,20,0.029,13,1
152,21,0,10,1
152,23,0,10,1
152,24,0,10,1
152,29,0,10,1
152,31,0,2,1
152,34,0,10,1
152,36,0,12,2
152,38,131.80675,34,4
152,39,0.15016,19,2
153,1,12.587499999999999,4,4
153,2,8.217,10,9
153,3,14.7975,9,8
153,4,0.7075,5,4
153,5,1.0750000000000002,5,4
153,11,0.0023333333333333335,4,3
153,15,0.14733333333333332,4,3
153,20,0.14766666666666664,4,3
153,21,0.26066666666666666,4,3
153,23,0,2,1
153,24,0,2,1
153,29,0,2,1
153,31,0,1,1
153,34,0,2,1
153,36,0,3,2
153,38,60.857142857142854,9,7
153,39,0.0006266666666666668,4,3
154,1,0.3,4,1
154,2,0.7,11,4
154,3,4.828,13,5
154,4,0.16,11,5
154,5,1.8799999999999997,11,5
154,11,0.001,3,1
154,15,0.037,3,1
154,20,0.099,3,1
154,21,0,3,1
154,23,0,3,1
154,24,0,3,1
154,29,0,3,1
154,31,0,2,1
154,34,0,3,1
154,36,0,5,2
154,38,54.277,10,4
154,39,0.75038,5,2
155,1,1.3,7,1
155,2,1.15,18,4
155,3,14.756,22,5
155,4,0.542,21,5
155,5,2.9,20,4
155,11,0.001,1,1
155,15,0.056,1,1
155,20,0.107,1,1
155,21,0.072,1,1
155,31,0,5,1
155,36,0,5,1
155,38,161.57975,12,4
155,39,0.45043,6,2
156,1,7.640999999999999,6,3
156,2,1.8522000000000003,14,5
156,3,18.147833333333335,18,6
156,4,0.6599999999999999,17,5
156,5,2.54,17,5
156,11,0.001,1,1
156,15,0.028,1,1
156,20,0.053,1,1
156,21,0.035,1,1
156,23,0,1,1
156,24,0,1,1
156,29,0,1,1
156,31,0,4,1
156,34,0,1,1
156,36,0,5,2
156,38,141.31875,10,4
156,39,0.25033,5,2
157,1,7.476916666666667,3,3
157,2,1.47813,6,5
157,3,15.205325,7,6
157,4,0.336,6,5
157,5,2.1399999999999997,6,5
157,11,0,2,1
157,15,0.051,2,1
157,20,0.271,2,1
157,21,0.046,2,1
157,23,0,2,1
157,24,0,2,1
157,29,0,2,1
157,31,0,1,1
157,34,0,2,1
157,36,0,3,2
157,38,102.045,6,4
157,39,0.200245,3,2
158,1,0.2,2,1
158,2,1.5,5,4
158,3,1.4580000000000002,6,5
158,4,0.06000000000000001,5,5
158,5,0.58,5,5
158,11,0.002,1,1
158,15,0.006,1,1
158,20,0.012,1,1
158,21,0.023,1,1
158,23,0,1,1
158,24,0,1,1
158,29,0,1,1
158,31,0,1,1
158,34,0,1,1
158,36,0,2,2
158,38,29.51525,4,4
158,39,0.45060500000000003,2,2
159,1,16.0719,1,0
159,2,3.31,3,1
159,3,20.7,3,1
159,4,5.86,2,1
159,5,14.1,2,1
159,7,0.059,1,0
159,11,0.066,2,1
159,15,1.024,2,1
159,20,0.447,2,1
159,21,0.414,2,1
159,23,0,1,0
159,24,0.048,2,1
159,29,0,1,0
159,31,0.387,1,0
159,34,0,1,0
159,36,0,1,0
159,38,339.5,4,2
159,39,0.002352,2,1
160,1,1.2,7,2
160,2,1.0550000000000002,28,10
160,3,9.086666666666668,35,12
160,4,0.4991666666666666,35,12
160,5,3.3249999999999997,35,12
160,11,0,5,2
160,15,0.0515,5,2
160,20,0.2175,5,2
160,21,0.11,5,2
160,23,0,5,2
160,24,0.0045000000000000005,5,2
160,29,0,5,2
160,31,0,7,2
160,34,0,5,2
160,36,0,12,4
160,38,124.45025,28,12
160,39,0.15022,14,6
161,2,2.4,1,1
161,3,8.6,1,1
161,4,0.8,1,1
161,38,132.5,2,2
162,1,10.475,2,2
162,2,11.3,3,1
162,3,79,3,1
162,4,0.14,2,0
162,5,3.85,2,0
162,11,0,2,0
162,15,0.0125,2,0
162,20,0.052,2,0
162,21,0.0265,2,0
162,23,0,2,0
162,24,0.0005,2,0
162,29,0,2,0
162,34,0,2,0
162,36,0,2,0
162,38,251.5,4,0
162,39,0.0003599999999999999,3,0
164,1,0.7,3,1
164,2,1.4333333333333333,4,3
164,3,1.75,5,4
164,4,0.175,4,4
164,5,1.45,4,4
164,31,0,1,1
164,36,0,1,1
164,38,44.044,2,2
164,39,1.1,1,1
165,1,19.4,2,0
165,2,13.376666666666667,3,0
165,3,63.364999999999995,2,0
165,4,12.75,1,0
165,5,40.3,1,0
165,11,0.12,1,0
165,15,1.75,1,0
165,20,0.53,1,0
165,21,1.23,1,0
165,23,0,1,0
165,24,0,1,0
165,29,0,1,0
165,34,0,1,0
165,36,0,1,0
165,38,816,2,0
165,39,0.007957,1,0
166,1,8.56,2,0
166,2,14.7,2,0
167,1,23.0375,2,0
167,2,13.230666666666666,3,0
167,3,72.11500000000001,2,0
167,4,5.91,1,0
167,5,45.7,1,0
167,38,705,2,0
167,39,0.009639,1,0
169,1,2.1173214285714286,7,0
169,2,7.619690476190476,21,0
169,3,73.24619230769231,26,0
169,4,0.8624999999999999,24,0
169,5,7.286363636363637,22,0
169,11,0.007,4,0
169,15,0.194,4,0
169,20,0.66425,4,0
169,21,0.109,4,0
169,23,0,4,0
169,24,0.008749999999999999,4,0
169,29,0,4,0
169,31,0,3,0
169,34,0,4,0
169,36,0,7,0
169,38,793.8437777777779,18,0
169,39,0.6451201111111112,9,0
170,1,50.143209999999996,5,0
170,2,17.81,26,1
170,3,26.19,29,1
170,4,48,27,1
170,5,9.3,23,1
170,6,0,1,0
170,11,0.144,15,1
170,14,0,1,0
170,15,17.897,15,1
170,20,20.654,15,1
170,21,0.363,15,1
170,23,0,8,0
170,24,0.067,15,1
170,25,0,1,0
170,29,0,8,0
170,31,0.01775,4,0
170,34,0.008125,8,0
170,36,0,11,0
170,37,0.035,1,0
170,38,1477.5,36,2
170,39,0.6199034166666667,12,0
171,1,0.3333333333333333,8,3
171,2,0.74,46,13
171,3,4.646875,54,16
171,4,0.15937500000000002,54,16
171,5,0.91875,53,16
171,11,0.00125,22,4
171,15,0.0315,22,4
171,20,0.08374999999999999,22,4
171,21,0.0032500000000000003,22,4
171,23,0,17,3
171,24,0,21,3
171,29,0,17,3
171,31,0,8,3
171,34,0,17,3
171,36,0,25,6
171,38,49.95199999999999,60,14
171,39,0.25745571428571423,28,7
173,1,11.219275,2,2
173,2,7.88625,1,1
173,3,38.04,1,1
174,1,4.843000000000001,5,5
174,2,4.672857142857143,10,7
174,3,10.2,12,9
174,4,0.04875,11,8
174,5,1.1714285714285713,10,7
174,11,0.002,4,1
174,15,0.014,4,1
174,20,0.063,4,1
174,21,0.013,4,1
174,23,0,3,1
174,24,0,3,1
174,29,0,3,1
174,31,0,1,1
174,34,0,3,1
174,36,0,4,2
174,38,41.8362,11,5
174,39,0.16688666666666666,6,3
175,1,0.325,11,4
175,2,1.9323529411764702,117,17
175,3,18.912,127,20
175,4,0.12833333333333338,124,18
175,5,1.0368421052631578,125,19
175,6,0,5,0
175,7,0.004111111111111111,27,0
175,8,0.00004,25,0
175,9,0.081125,8,0
175,10,0.002625,8,0
175,11,0.001,76,5
175,12,0.005680000000000001,25,0
175,13,4.838727272727273,11,0
175,14,0.4317272727272727,11,0
175,15,0.001,80,5
175,16,0.018625000000000003,8,0
175,18,0.10900000000000001,8,0
175,19,0.0565,2,0
175,20,0.0344,80,5
175,21,0.0108,74,5
175,23,0,47,4
175,24,0,52,4
175,25,0.003192307692307693,26,0
175,26,0.000375,8,0
175,27,0.0033750000000000004,8,0
175,28,0.0011538461538461537,26,0
175,29,0,53,4
175,30,0,1,0
175,31,0,40,4
175,32,0.0009000000000000001,10,0
175,33,0.000625,8,0
175,34,0,47,4
175,35,0.0012000000000000001,10,0
175,36,0,61,8
175,37,0.0026000000000000003,10,0
175,38,188.64894117647057,186,17
175,39,0.41497028571428574,91,7
177,2,9.585,2,0
177,3,76.05,2,0
177,4,3.295,2,0
177,5,6.449999999999999,2,0
177,7,0.002,1,0
177,8,0,1,0
177,9,0.013,1,0
177,10,0,1,0
177,11,0.021,2,0
177,12,0,1,0
177,13,0.853,1,0
177,14,0,1,0
177,15,0.9085,2,0
177,16,0.002,1,0
177,18,0.002,1,0
177,20,1.302,2,0
177,21,0.0635,2,0
177,23,0,1,0
177,24,0.01,1,0
177,25,0,1,0
177,26,0,1,0
177,27,0,1,0
177,28,0,1,0
177,29,0.003,1,0
177,31,0.004,1,0
177,32,0,1,0
177,33,0,1,0
177,34,0,1,0
177,35,0.002,1,0
177,36,0,1,0
177,37,0,1,0
177,38,907,4,0
177,39,0.001074,3,0
178,1,0.6,3,1
178,2,2.1149999999999998,16,4
178,3,2.6860000000000004,18,5
178,4,0.29800000000000004,17,5
178,5,1.2,17,5
178,7,0,3,0
178,11,0.005,9,1
178,15,0.005,9,1
178,20,0.026,9,1
178,21,0.138,9,1
178,23,0,7,1
178,24,0,7,1
178,29,0,7,1
178,31,0,5,1
178,34,0,7,1
178,36,0,9,2
178,38,56.77675,22,4
178,39,0.9508605,11,2
179,1,14.5,1,0
179,2,6.035,2,0
179,3,61.94,2,0
179,4,13,1,0
179,5,33.9,1,0
179,9,0.026,1,0
179,11,0.026,1,0
179,13,0.78,1,0
179,14,0.21,1,0
179,15,0.99,1,0
179,16,0.061,1,0
179,18,0.044,1,0
179,20,2.787,1,0
179,21,0.613,1,0
179,23,0,1,0
179,24,0.359,1,0
179,25,0.018,1,0
179,27,0.009,1,0
179,28,0.009,1,0
179,29,0.109,1,0
179,31,0.175,1,0
179,32,0.018,1,0
179,34,0.018,1,0
179,35,0.061,1,0
179,36,0.193,1,0
179,37,0,1,0
179,38,709.5,2,0
179,39,0.005634999999999999,1,0
180,1,0.6,5,1
180,2,2.2,9,4
180,3,60.46,10,5
180,4,0.33999999999999997,6,5
180,5,3.0599999999999996,6,5
180,11,0,1,1
180,15,0.181,1,1
180,20,0.059,1,1
180,21,0,1,1
180,23,0,1,1
180,24,0,1,1
180,29,0,1,1
180,31,0,1,1
180,34,0,1,1
180,36,0,2,2
180,38,581.5215,6,4
180,39,1.3513600000000001,3,2
181,1,1.7933333333333332,3,3
181,2,4.995833333333334,8,6
181,3,20.17142857142857,9,7
181,4,0.33999999999999997,7,5
181,5,1.4600000000000002,7,5
181,11,0,2,1
181,15,0.014,2,1
181,20,0.261,2,1
181,21,0.044,2,1
181,23,0,2,1
181,24,0,2,1
181,29,0,2,1
181,31,0,1,1
181,34,0,2,1
181,36,0,3,2
181,38,110.05175,8,4
181,39,0.500905,4,2
182,1,27.5515,2,0
182,2,8.51425,2,0
182,3,48.791624999999996,2,0
183,1,22.712000000000003,2,0
183,2,5.56,3,1
183,3,24.45,4,1
183,4,1.68,2,1
183,5,14,2,1
183,11,0,1,0
183,15,0.081,2,1
183,20,0.085,2,1
183,21,0.447,2,1
183,23,0,1,0
183,24,0,1,0
183,29,0,1,0
183,34,0,1,0
183,36,0,1,0
183,38,262,4,2
183,39,0.00323,2,1
184,1,16.8,2,0
184,2,12.375,2,0
184,3,54.675,2,0
186,1,6.7385,1,0
186,2,27.125,2,0
186,3,58.725,2,0
186,4,6.41,1,0
186,5,24.6,1,0
186,38,837.5,2,0
186,39,0.0034300000000000003,1,0
187,1,2.175,2,0
187,2,12.85142857142857,7,0
187,3,70.95166666666667,6,0
187,4,1.7439999999999998,5,0
187,5,12.36,5,0
187,11,0.018400000000000003,5,0
187,15,0.2036,5,0
187,20,0.694,5,0
187,21,0.0324,5,0
187,23,0,4,0
187,24,0,4,0
187,29,0.0005,4,0
187,34,0,4,0
187,36,0,4,0
187,38,865.3,10,0
187,39,0.001641,5,0
188,1,0.1,2,1
188,2,0.41000000000000003,17,4
188,3,10.818000000000001,19,5
188,4,0.266,19,5
188,5,2.32,19,5
188,11,0.002,8,1
188,15,0.047,8,1
188,20,0.088,8,1
188,21,0.058,8,1
188,23,0,8,1
188,24,0,8,1
188,29,0,8,1
188,31,0,2,1
188,34,0,8,1
188,36,0,10,2
188,38,118.294,26,4
188,39,0.10012,14,2
191,1,1.4415,1,1
191,2,2.562,1,1
191,3,52.9715,1,1
192,1,3,1,1
192,2,1.1175,5,2
192,3,32.35125,5,2
192,4,0.13,4,1
192,5,4.6,4,1
192,11,0.001,4,1
192,15,0.018,4,1
192,20,0.033,4,1
192,21,0.022,4,1
192,23,0,4,1
192,24,0,4,1
192,29,0,4,1
192,34,0,4,1
192,36,0,4,1
192,38,120,8,2
192,39,0.00011999999999999999,6,1
193,1,15.75,2,2
193,2,3.6,4,4
193,3,10.1,4,4
193,4,0.125,4,4
193,5,1.4,4,4
193,31,0,1,1
193,36,0,1,1
193,38,100.6005,2,2
193,39,0.2,1,1
194,1,1.2,2,1
194,2,0.525,7,4
194,3,10.16,9,5
194,4,0.52,9,5
194,5,1.85,8,4
194,31,0,2,1
194,36,0,2,1
194,38,126.305,6,4
194,39,0.3,2,1
195,2,0.04666666666666667,3,0
195,3,9.82,3,0
195,4,0.02,3,0
195,5,0,3,0
195,11,0,2,0
195,15,0.004,2,0
195,20,0.0015,2,0
195,21,0.0005,2,0
195,23,0,2,0
195,24,0,2,0
195,29,0,2,0
195,34,0,2,0
195,36,0,2,0
195,38,502,6,0
195,39,0.00016333333333333336,3,0
197,1,1.13575,2,0
197,2,13.213333333333333,10,3
197,3,29.206666666666667,9,3
197,4,0.9533333333333335,8,3
197,5,14.6,6,2
197,11,0.002,8,3
197,15,0.13699999999999998,8,3
197,20,0.3376666666666666,8,3
197,21,0.08833333333333333,8,3
197,23,0,2,1
197,24,0.0015,3,2
197,29,0,2,1
197,31,0.005,1,1
197,34,0,2,1
197,36,0,2,1
197,38,432.8333333333333,16,6
197,39,0.0014191666666666667,6,6
198,1,1,2,1
198,2,10.3675,9,4
198,3,29.7,10,5
198,4,0.306,9,5
198,5,4.619999999999999,7,5
198,15,0.05,5,1
198,20,0.113,5,1
198,31,0,1,1
198,36,0,1,1
198,38,568.642,12,4
198,39,0.40163150000000003,6,2
199,1,2.2666666666666666,3,0
199,2,25.21,6,1
199,3,58.99,6,1
199,4,1.64,3,1
199,5,18.3,3,1
199,11,0,1,0
199,15,0.085,3,1
199,20,0.072,3,1
199,21,0.999,3,1
199,23,0,1,0
199,24,0,1,0
199,29,0,1,0
199,34,0,1,0
199,36,0,1,0
199,38,884,6,2
199,39,0.003363,3,1
200,1,0.7,4,2
200,2,10.625,16,8
200,3,30.895999999999997,18,10
200,4,0.39299999999999996,16,10
200,5,5.17,16,10
200,11,0,7,2
200,15,0.0915,8,2
200,20,0.19949999999999998,8,2
200,21,0.0215,8,2
200,23,0,6,2
200,24,0,6,2
200,29,0,6,2
200,31,0,2,2
200,34,0,6,2
200,36,0,8,4
200,38,434.81525,20,8
200,39,0.92594075,10,4
202,2,3.6999999999999997,6,2
202,3,7.16,6,2
202,4,0.275,6,2
202,5,3.3,1,1
202,11,0.001,6,2
202,15,0.014499999999999999,6,2
202,20,0.066,6,2
202,21,0.048,6,2
202,23,0,1,1
202,24,0,1,1
202,29,0,1,1
202,34,0.009000000000000001,6,2
202,36,0,1,1
202,38,94.5,12,4
202,39,0.0009755,12,8
203,2,0.81,1,1
203,3,13.93,1,1
203,4,0.47,1,1
203,5,3.9,1,1
203,38,147.5,2,2
203,39,0.0005,1,1
204,1,7.4727,2,2
204,2,5.15986,9,5
204,3,29.999916666666667,7,3
204,4,1.1400000000000001,6,2
204,5,5.95,6,2
204,7,0.003,2,1
204,8,0,1,0
204,11,0.0175,6,2
204,12,0,1,0
204,15,0.023,6,2
204,20,0.0925,6,2
204,21,0.4335,6,2
204,23,0,6,2
204,24,0,6,2
204,25,0,1,0
204,28,0,1,0
204,29,0,6,2
204,31,0.008,2,1
204,34,0,6,2
204,36,0,6,2
204,38,210,12,4
204,39,0.0010655,6,2
205,1,3.11765,11,3
205,2,5.661777777777778,121,9
205,3,38.015045,130,10
205,4,1.9387500000000002,128,8
205,5,2.5142857142857147,124,7
205,6,0,4,0
205,7,0.002,19,1
205,8,0,19,1
205,9,0.004,2,1
205,10,0,1,1
205,11,0.004,65,3
205,12,0,19,1
205,13,0.416,2,1
205,14,0.003,6,1
205,15,0.815,83,4
205,16,0,1,1
205,17,0.286,1,0
205,18,0.004,1,1
205,20,1.302,83,4
205,21,0.04,83,4
205,22,0,1,0
205,23,0,46,1
205,24,0.006,53,1
205,25,0,19,1
205,26,0,1,1
205,27,0,1,1
205,28,0,19,1
205,29,0.001,54,1
205,30,0,4,0
205,31,0,28,1
205,32,0,1,1
205,33,0,1,1
205,34,0,46,1
205,35,0,5,1
205,36,0,55,2
205,37,0,11,1
205,38,505.7383,202,10
205,39,0.23374666666666663,97,3
206,1,2.5,2,2
206,2,2.5740000000000003,6,5
206,3,21.788666666666668,7,6
206,4,0.43,6,5
206,5,1.2,6,5
206,6,0,1,0
206,7,0.032,1,0
206,8,0,1,0
206,11,0.021,2,1
206,12,0.016,1,0
206,13,0.357,1,0
206,14,0,1,0
206,15,0.119,2,1
206,20,0.12,2,1
206,21,0.034,2,1
206,23,0,2,1
206,24,0.007,2,1
206,25,0,1,0
206,28,0,1,0
206,29,0,2,1
206,31,0,2,1
206,34,0,2,1
206,36,0,3,2
206,37,0,1,0
206,38,189.58625,6,4
206,39,0.40038500000000005,4,2
208,2,0.8633333333333333,4,3
208,3,19.746666666666666,4,3
208,4,0.315,3,2
208,5,1.4000000000000001,4,3
208,11,0.01,2,1
208,15,0.022,2,1
208,20,0.046,2,1
208,21,0.027,2,1
208,23,0,2,1
208,24,0,2,1
208,29,0,2,1
208,31,0,1,1
208,34,0,2,1
208,36,0,3,2
208,38,267.3333333333333,5,3
208,39,0.00082,2,1
214,1,0.3,1,1
214,2,1.3,3,3
214,3,6.25,4,4
214,4,0.15000000000000002,4,4
214,5,1.95,4,4
214,31,0,1,1
214,36,0,1,1
214,38,73.073,2,2
214,39,1,1,1
224,2,1.31,2,1
224,3,15.14,2,1
224,4,0.1,2,1
224,5,1.1,1,1
224,38,155.5,4,2
224,39,0.0007,2,1
229,1,0.3,1,1
229,2,0.8650000000000001,4,4
229,3,9.91,5,5
229,4,0.184,5,5
229,5,1.02,5,5
229,11,0.002,1,1
229,15,0.086,1,1
229,20,0.111,1,1
229,21,0.002,1,1
229,23,0,1,1
229,24,0,1,1
229,29,0,1,1
229,31,0,1,1
229,34,0,1,1
229,36,0,2,2
229,38,106.04875,4,4
229,39,0.25024,2,2
234,2,0.65,1,0
234,3,20.87,1,0
234,4,0.21,1,0
234,5,0.9,1,0
234,38,212.5,2,0
234,39,0.00023,1,0
237,1,0.2,1,1
237,2,1.425,6,4
237,3,3.068,7,5
237,4,0.08,7,5
237,5,0.9600000000000002,7,5
237,11,0,2,1
237,15,0.04,2,1
237,20,0.063,2,1
237,21,0.007,2,1
237,23,0,2,1
237,24,0,2,1
237,29,0,2,1
237,31,0,1,1
237,34,0,2,1
237,36,0,3,2
237,38,46.0215,8,4
237,39,0.800805,4,2
241,2,1.9,1,1
241,3,6.5,1,1
241,4,0.4,1,1
241,5,2.4,1,1
241,15,0.056,1,1
241,20,0.148,1,1
241,21,0.008,1,1
241,38,88,2,2
242,1,0,1,0
242,2,6.84,2,0
242,3,23.709999999999997,3,0
242,4,0.6175,4,0
242,5,0,2,0
242,11,0.009,1,0
242,15,0.335,1,0
242,20,0.93,1,0
242,21,0.048,1,0
242,38,586.0503333333334,3,0
242,39,0.0008904999999999999,2,0
243,2,2.5,2,1
243,3,16.8,2,1
243,4,0.1,2,1
243,5,3.2,2,1
243,11,0,2,1
243,15,0.014,2,1
243,20,0.037,2,1
243,21,0.002,2,1
243,23,0,2,1
243,24,0,2,1
243,29,0,2,1
243,34,0,2,1
243,36,0,2,1
243,38,186.5,4,2
243,39,0.0008,2,1
245,1,0.4000000000000001,6,3
245,2,0.6336363636363637,31,11
245,3,7.872857142857142,37,14
245,4,0.17642857142857146,37,14
245,5,1.635714285714286,37,14
245,7,0,4,1
245,8,0,3,1
245,11,0.002,13,2
245,12,0,3,1
245,15,0.0085,13,2
245,20,0.08600000000000001,13,2
245,21,0.005,13,2
245,23,0,11,1
245,24,0,10,1
245,25,0,3,1
245,28,0,3,1
245,29,0,11,1
245,31,0,11,4
245,34,0,10,1
245,36,0,17,4
245,38,86.9475,38,10
245,39,0.4403200000000001,19,5
246,2,13.115,2,0
246,3,72.63499999999999,2,0
246,4,1.95,2,0
246,5,14.6,1,0
246,11,0.017,2,0
246,15,0.16599999999999998,2,0
246,20,0.7969999999999999,2,0
246,21,0.056999999999999995,2,0
246,24,0.013999999999999999,2,0
246,38,873.5,4,0
246,39,0.0020415,2,0
247,2,2.45,6,1
247,3,5.69,6,1
247,4,0.42,6,1
247,5,3.6,6,1
247,11,0,5,1
247,15,0.029,5,1
247,20,0.082,5,1
247,21,0.108,5,1
247,23,0,5,1
247,24,0,5,1
247,29,0.002,5,1
247,34,0,5,1
247,36,0,5,1
247,38,78,12,2
247,39,0.0006605,7,2
249,1,0.3,1,1
249,2,1.3,3,3
249,3,6.25,4,4
249,4,0.15000000000000002,4,4
249,5,1.95,4,4
249,31,0,1,1
249,36,0,1,1
249,38,73.073,2,2
249,39,1,1,1
252,1,0.2,1,1
252,2,1.175,6,4
252,3,1.796,7,5
252,4,0.1,7,5
252,5,0.6,7,5
252,11,0,3,1
252,15,0.015,3,1
252,20,0.042,3,1
252,21,0.055,3,1
252,23,0,2,1
252,24,0,2,1
252,29,0,3,1
252,31,0,1,1
252,34,0,2,1
252,36,0,3,2
252,38,32.26525,8,4
252,39,0.8,1,1
253,2,1.2,3,1
253,3,3.23,3,1
253,4,0.2,3,1
253,5,1.2,3,1
253,11,0.002,3,1
253,15,0.021,3,1
253,20,0.015,3,1
253,21,0.057,3,1
253,23,0,1,1
253,24,0,1,1
253,29,0,1,1
253,34,0,1,1
253,36,0,1,1
253,38,41.5,6,2
256,1,0.3,2,1
256,2,0.655,22,10
256,3,8.91090909090909,24,11
256,4,0.12181818181818184,24,11
256,5,0.9624999999999999,20,8
256,11,0.001142857142857143,16,7
256,15,0.012857142857142855,16,7
256,20,0.02042857142857143,16,7
256,21,0.0054285714285714284,16,7
256,23,0,12,4
256,24,0,12,4
256,29,0,12,4
256,31,0,2,1
256,34,0,12,4
256,36,0,14,5
256,38,90.07375,36,16
256,39,0.037795,22,8
261,1,0.1,2,2
261,2,0.5857142857142856,10,7
261,3,3.4999999999999996,12,9
261,4,0.03333333333333334,12,9
261,5,0.6888888888888889,12,9
261,11,0,4,1
261,15,0.016,4,1
261,20,0.016,4,1
261,21,0.029,4,1
261,23,0,3,1
261,24,0,3,1
261,29,0,3,1
261,31,0,2,2
261,34,0,3,1
261,36,0,5,3
261,38,40.69166666666666,12,6
261,39,0.46686,6,3
264,1,2.2625,6,4
264,2,6.465416666666667,12,6
264,3,19.616666666666667,14,6
264,4,0.1,12,4
264,5,1.15,12,4
264,31,0,3,1
264,36,0,3,1
264,38,106.6065,6,2
264,39,0.8,3,1
268,1,0,6,0
268,2,0.2366666666666667,24,0
268,3,4.054,30,0
268,4,0,30,0
268,5,0,30,0
268,11,0,2,0
268,15,0,2,0
268,20,0,2,0
268,21,0,2,0
268,23,0,2,0
268,24,0,2,0
268,29,0,2,0
268,31,0,6,0
268,34,0,2,0
268,36,0,8,0
268,38,87.16912500000001,24,0
268,39,0.06434500000000001,14,0
269,1,4.1000000000000005,9,0
269,2,7.377450980392158,51,0
269,3,49.45933333333332,60,0
269,4,3.9756666666666685,60,0
269,5,2.3966101694915256,59,0
269,6,0,1,0
269,7,0.000875,8,0
269,8,0,6,0
269,9,0.04133333333333333,3,0
269,10,0.0006666666666666666,3,0
269,11,0.03058333333333334,24,0
269,12,0.0035714285714285718,7,0
269,13,5.181666666666667,3,0
269,14,0.14233333333333334,3,0
269,15,2.101125,24,0
269,16,0.009666666666666665,3,0
269,18,0.06433333333333334,3,0
269,20,2.105916666666667,24,0
269,21,0.18087499999999992,24,0
269,23,0.00009090909090909092,22,0
269,24,0.04104166666666667,24,0
269,25,0.0029999999999999996,6,0
269,26,0,3,0
269,27,0.0023333333333333335,3,0
269,28,0.0012857142857142859,7,0
269,29,0.0055000000000000005,24,0
269,30,0,1,0
269,31,0.01605555555555556,18,0
269,32,0.0016666666666666668,3,0
269,33,0,3,0
269,34,0.00027272727272727274,22,0
269,35,0.002,4,0
269,36,0.00006451612903225807,31,0
269,37,0.002,4,0
269,38,721.7126515151515,66,0
269,39,0.538112333333333,30,0
270,1,4.433333333333334,6,0
270,2,7.9001522842639575,394,0
270,3,72.32390000000004,400,0
270,4,3.6299501246882753,401,0
270,5,7.186146095717882,397,0
270,6,0,6,0
270,7,0.00017142857142857143,70,0
270,8,0,45,0
270,9,0.003434782608695653,23,0
270,10,0,10,0
270,11,0.008929104477611916,268,0
270,12,0.00028888888888888893,45,0
270,13,0.5267083333333332,24,0
270,14,0.007083333333333334,24,0
270,15,1.1950186567164174,268,0
270,16,0.0003333333333333333,21,0
270,17,0.00175,4,0
270,18,0.018476190476190476,21,0
270,20,1.1110223880597017,268,0
270,21,0.11239925373134324,268,0
270,23,0,268,0
270,24,0.007999999999999988,266,0
270,25,0.00014084507042253522,71,0
270,26,0,21,0
270,27,0,21,0
270,28,0,71,0
270,29,0.00028731343283582104,268,0
270,30,0,10,0
270,31,0.006600000000000002,85,0
270,32,0.0006666666666666668,21,0
270,33,0,21,0
270,34,0.001135338345864662,266,0
270,35,0,39,0
270,36,0.00012592592592592592,270,0
270,37,0.0002586206896551724,58,0
270,38,869.9570677966103,767,0
270,39,0.09878027544910191,167,0
272,2,45.661333333333324,15,0
272,3,11.04,15,0
272,4,3.951333333333334,15,0
272,5,4.03,10,0
272,7,0,3,0
272,8,0,1,0
272,9,0.004,1,0
272,10,0,1,0
272,11,0.013000000000000001,11,0
272,12,0.041,3,0
272,13,1.261,1,0
272,14,0.004,1,0
272,15,0.9668181818181817,11,0
272,16,0,1,0
272,18,0.004,1,0
272,20,1.3703636363636362,11,0
272,21,0.1508181818181818,11,0
272,23,0,5,0
272,24,0.02128571428571429,7,0
272,25,0.002,1,0
272,26,0,1,0
272,27,0,1,0
272,28,0,3,0
272,29,0,7,0
272,31,0.10433333333333333,3,0
272,33,0.001,1,0
272,34,0.00014285714285714287,7,0
272,35,0,1,0
272,36,0,5,0
272,37,0,1,0
272,38,632.7666666666667,30,0
272,39,0.0025821111111111114,9,0
273,2,75.16,1,0
273,3,13.79,1,0
273,4,1.85,1,0
273,5,0.6,1,0
273,11,0.006,1,0
273,15,0.15,1,0
273,20,0.763,1,0
273,21,0.048,1,0
273,23,0,1,0
273,24,0,1,0
273,29,0,1,0
273,34,0,1,0
273,36,0,1,0
273,38,959,2,0
274,1,2.35,3,2
274,2,9.733749999999999,61,8
274,3,68.205,64,10
274,4,1.2400000000000002,64,10
274,5,3.1999999999999997,51,8
274,6,0,10,0
274,7,0,13,0
274,8,0,13,0
274,9,0.05,1,0
274,10,0,1,0
274,11,0.063,49,1
274,12,0.0012307692307692308,13,0
274,13,0.7951818181818182,11,0
274,14,0.002272727272727273,11,0
274,15,0.433,52,2
274,16,0.022,1,0
274,18,0.11,1,0
274,20,0.6315,52,2
274,21,0.07300000000000001,52,2
274,23,0,29,0
274,24,0.001,36,1
274,25,0.002,13,0
274,26,0,1,0
274,27,0.003,1,0
274,28,0.00023076923076923076,13,0
274,29,0.0033125000000000003,32,0
274,31,0,16,2
274,32,0,1,0
274,33,0.001,1,0
274,34,0.000033333333333333335,30,0
274,35,0,1,0
274,36,0,32,2
274,37,0.0009090909090909091,11,0
274,38,752.8786249999999,110,8
274,39,0.6003700000000001,45,4
275,1,22.600000000000005,6,0
275,2,5.552857142857141,126,0
275,3,64.22325757575756,132,0
275,4,16.0030303030303,132,0
275,5,1.9870689655172404,116,0
275,7,0.007933333333333332,15,0
275,8,0,12,0
275,9,0.022857142857142857,7,0
275,10,0.00016666666666666666,6,0
275,11,0.05778048780487803,82,0
275,12,0.005133333333333334,15,0
275,13,5.8564,10,0
275,14,1.8154999999999997,10,0
275,15,8.117304878048781,82,0
275,16,0.005833333333333334,6,0
275,17,0.75,1,0
275,18,0.11733333333333333,6,0
275,19,0.26825,4,0
275,20,3.1184634146341463,82,0
275,21,0.20712195121951213,82,0
275,23,0.00022222222222222223,63,0
275,24,0.02187012987012986,77,0
275,25,0.0010833333333333335,12,0
275,26,0,6,0
275,27,0.00016666666666666666,6,0
275,28,0.0014999999999999998,14,0
275,29,0.009730769230769234,78,0
275,31,0.06285714285714285,21,0
275,32,0.0008571428571428572,7,0
275,33,0.00016666666666666666,6,0
275,34,0.00019444444444444446,72,0
275,35,0.001,6,0
275,36,0.00012857142857142858,70,0
275,37,0.004999999999999999,7,0
275,38,1105.3823991228069,228,0
275,39,0.08763705434782612,92,0
277,1,0,4,0
277,2,0,12,0
277,3,0.625,16,0
277,4,0,16,0
277,5,0,16,0
277,31,0,4,0
277,36,0,4,0
277,38,477.7272500000001,8,0
277,39,0,4,0
279,1,0,1,0
279,2,0,6,0
279,3,0.014285714285714287,7,0
279,4,0,8,0
279,5,0,7,0
279,11,0,5,0
279,15,0,5,0
279,20,0,5,0
279,21,0,5,0
279,23,0,5,0
279,24,0,5,0
279,29,0,5,0
279,34,0,5,0
279,36,0,5,0
279,38,619.3608181818182,11,0
279,39,0.0000066666666666666675,6,0
280,2,18.365000000000002,2,0
280,3,8.530000000000001,2,0
280,4,3.77,2,0
280,5,0,2,0
280,11,0.020999999999999998,2,0
280,15,1.4040000000000001,2,0
280,20,0.7404999999999999,2,0
280,21,0.0475,2,0
280,23,0.006500000000000001,2,0
280,24,0,1,0
280,29,0,1,0
280,34,0,1,0
280,36,0.0435,2,0
280,38,381,4,0
280,39,0.001671,2,0
281,2,1.5,1,1
281,3,17.6,1,1
281,4,0.1,1,1
281,5,5.3,1,1
281,38,179.5,2,2
281,39,0.0009,1,1
282,2,0.4,2,1
282,3,7.69,2,1
282,4,0.3,2,1
282,5,1.1,2,1
282,11,0.001,2,1
282,15,0.081,2,1
282,20,0.046,2,1
282,21,0.044,2,1
282,23,0,2,1
282,24,0,2,1
282,29,0,2,1
282,34,0,2,1
282,36,0,2,1
282,38,83,4,2
282,39,0.0002,2,1
283,2,6.15,3,1
283,3,40.75,3,1
283,4,23.86,3,1
283,15,15.109,3,1
283,20,4.596,3,1
283,38,1003,6,2
283,39,0.001351,3,1
284,1,21.837500000000002,2,2
284,2,7.11,11,3
284,3,9.559999999999999,10,2
284,4,0.3,10,2
284,5,2.7,10,2
284,11,0.001,10,2
284,15,0.0205,10,2
284,20,0.0475,10,2
284,21,0.0785,10,2
284,23,0,4,1
284,24,0,4,1
284,29,0,4,1
284,34,0,4,1
284,36,0,4,1
284,38,103.5,20,4
284,39,0.0008500000000000001,10,2
285,1,0.3,1,1
285,2,1.42,3,2
285,3,50.583333333333336,4,3
285,4,0.0075,5,4
285,5,1.8333333333333333,4,3
285,11,0.001,2,1
285,15,0.001,2,1
285,20,0,2,1
285,21,0,2,1
285,23,0,2,1
285,24,0.001,2,1
285,29,0.001,2,1
285,34,0,2,1
285,36,0,2,1
285,38,45.42666666666667,5,3
285,39,1.6006805000000002,2,2
286,2,18.29,2,1
286,3,0,2,1
286,4,0.6,2,1
286,5,0,2,1
286,11,0.041,1,0
286,15,0.089,1,0
286,20,0.02,1,0
286,21,0.014,1,0
286,23,0.015,1,0
286,24,0.014,1,0
286,29,0.043,1,0
286,34,0.038,1,0
286,36,0.031,1,0
286,38,217.5,4,2
286,39,0.00181,2,1
287,1,0.7,2,1
287,2,3.1475,7,4
287,3,1.3400000000000003,9,5
287,4,0.398,9,5
287,5,1.14,8,5
287,11,0,1,1
287,15,0.056,1,1
287,20,0.234,1,1
287,21,0.175,1,1
287,23,0,1,1
287,24,0,1,1
287,29,0,1,1
287,31,0,1,1
287,34,0,1,1
287,36,0,2,2
287,38,58.02825,6,4
287,39,0.20020000000000002,3,2
288,1,3.85,1,0
288,2,9.32,2,0
288,3,73.71000000000001,2,0
288,4,8.69,1,0
288,5,21.6,1,0
288,11,0,1,0
288,15,0.66,1,0
288,20,2.29,1,0
288,21,0.07,1,0
288,23,0,1,0
288,24,0,1,0
288,29,0,1,0
288,34,0,1,0
288,36,0,1,0
288,38,681,2,0
288,39,0.004654,1,0
289,1,2.7705,1,0
289,2,8.01,6,2
289,3,34.635,6,2
289,4,3.675,5,2
289,5,6.7,2,1
289,7,0,1,1
289,8,0,1,1
289,11,0,1,1
289,12,0,1,1
289,15,0.8735,4,2
289,20,1.4405000000000001,4,2
289,21,0.022000000000000002,4,2
289,24,0.014,1,1
289,25,0,1,1
289,28,0,1,1
289,29,0,1,1
289,31,0.018,1,1
289,38,511.25,10,4
289,39,0.00151,5,1
290,2,5.33,3,1
290,3,20.23,3,1
290,4,0.29,3,1
290,38,256.5,6,2
290,39,0.001671,3,1
291,1,0.35,1,1
291,2,3.92,3,2
291,3,36.845,3,2
291,4,0.2,2,1
291,5,1.3,2,1
291,11,0,2,1
291,15,0.004,2,1
291,20,0.074,2,1
291,21,0.018,2,1
291,38,168,4,2
291,39,0.001421,2,1
292,2,0.5,1,1
292,3,10.65,1,1
292,4,0.23,1,1
292,5,3.6,1,1
292,11,0.001,1,1
292,15,0.047,1,1
292,20,0.054,1,1
292,21,0.001,1,1
292,23,0,1,1
292,24,0.001,1,1
292,29,0,1,1
292,34,0,1,1
292,36,0,1,1
292,38,109,2,2
292,39,0.00037,1,1
293,2,17.96,5,1
293,3,0,5,1
293,4,9.04,5,1
293,5,0,5,1
293,11,0.622,5,1
293,15,1.516,5,1
293,20,0.13,5,1
293,21,0.103,5,1
293,23,0.214,5,1
293,24,0.721,5,1
293,29,0.06,5,1
293,34,0.84,5,1
293,36,0.055,5,1
293,38,409.5,10,2
293,39,0.001461,5,1
294,2,18.6,2,1
294,3,0,2,1
294,4,13.89,2,1
294,5,0,2,1
294,11,0.727,2,1
294,15,2.283,2,1
294,20,0.219,2,1
294,21,0.159,2,1
294,23,0.278,1,1
294,24,1.039,2,1
294,29,0.183,2,1
294,34,1.407,2,1
294,36,0.212,2,1
294,38,531.5,4,2
294,39,0.001351,2,1
295,2,15.31,2,1
295,3,0,2,1
295,4,1.54,2,1
295,5,0,2,1
295,7,0.002,2,1
295,8,0.001,2,1
295,9,0.075,1,1
295,10,0.002,1,1
295,11,0.077,2,1
295,12,0.012,2,1
295,13,0.185,1,1
295,14,0.003,1,1
295,15,0.188,2,1
295,16,0.002,1,1
295,18,0.003,1,1
295,20,0.032,2,1
295,21,0.016,2,1
295,23,0.008,2,1
295,24,0.153,2,1
295,25,0.004,2,1
295,26,0.005,1,1
295,27,0.003,1,1
295,28,0.008,2,1
295,29,0.009,2,1
295,31,0.001,2,1
295,32,0.028,1,1
295,33,0,1,1
295,34,0.029,2,1
295,35,0.001,2,1
295,36,0.01,2,1
295,37,0.014,2,1
295,38,205.5,4,2
295,39,0.00121,2,1
296,2,19.44,2,1
296,3,0,2,1
296,4,0.98,2,1
296,5,0,2,1
296,11,0.012,2,1
296,15,0.067,2,1
296,20,0.009,2,1
296,21,0,1,1
296,23,0.005,2,1
296,24,0.022,2,1
296,29,0.026,2,1
296,34,0.01,2,1
296,36,0.022,2,1
296,38,238.5,4,2
296,39,0.001411,2,1
297,1,2.7,1,1
297,2,13.075000000000001,5,4
297,3,0,6,5
297,4,1.478,6,5
297,5,0,6,5
297,11,0.189,2,1
297,15,0.516,2,1
297,20,0.02,2,1
297,21,0.009,2,1
297,23,0.061,2,1
297,24,0.114,2,1
297,29,0.089,2,1
297,31,0,1,1
297,34,0.018,2,1
297,36,0.041999999999999996,3,2
297,38,218.0935,6,4
297,39,0.5505805,3,2
298,1,0.1,3,1
298,2,2.6,13,4
298,3,6.119999999999999,16,5
298,4,0.08,16,5
298,5,0.7200000000000001,16,5
298,11,0,2,1
298,15,0.007,4,1
298,20,0.114,4,1
298,21,0.02,4,1
298,23,0,2,1
298,24,0,2,1
298,29,0,2,1
298,31,0,3,1
298,34,0,2,1
298,36,0,5,2
298,38,78.543,14,4
298,39,0.50045,7,2
299,2,17.73,2,1
299,3,0,2,1
299,4,2.33,2,1
299,5,0,2,1
299,11,0.151,2,1
299,15,0.448,2,1
299,20,0.015,2,1
299,21,0.015,2,1
299,23,0,1,1
299,24,0.057,2,1
299,29,0,1,1
299,34,0,1,1
299,36,0,1,1
299,38,251.5,4,2
299,39,0.0010409999999999998,2,1
301,2,6.2,1,0
301,3,33.5,1,0
301,4,50,1,0
301,11,0.287,1,0
301,15,18.849,1,0
301,20,18.39,1,0
301,21,1.7,1,0
301,24,2.757,1,0
301,38,1493,2,0
301,39,0.00373,1,0
302,2,21.3,6,3
302,3,0.6666666666666666,6,3
302,4,8.7,6,3
302,5,0,5,2
302,7,0.004,3,1
302,8,0.001,3,1
302,11,0.12,3,1
302,12,0,3,1
302,15,0.147,3,1
302,20,0.003,3,1
302,21,0.002,3,1
302,23,0.001,3,1
302,24,0.048,3,1
302,25,0.001,3,1
302,28,0,3,1
302,29,0.004,3,1
302,30,0,3,1
302,31,0,3,1
302,34,0.018,3,1
302,35,0,3,1
302,36,0.003,3,1
302,37,0,3,1
302,38,430.6666666666667,12,6
302,39,0.0026920000000000004,1,0
303,39,0.0009655,2,0
305,2,15.5,1,0
305,3,0,1,0
305,4,1.75,1,0
305,38,212,2,0
306,2,18.06,4,1
306,3,0.04,4,1
306,4,1.08,4,1
306,5,0,4,1
306,7,0.001,2,0
306,8,0,2,0
306,9,0.024,1,0
306,10,0.003,1,0
306,11,0.059,4,1
306,12,0.002,2,0
306,13,0.086,1,0
306,14,0.006,1,0
306,15,0.104,4,1
306,16,0.001,1,0
306,18,0.004,1,0
306,20,0.012,4,1
306,21,0,4,1
306,23,0,4,1
306,24,0.029,4,1
306,25,0.005,2,0
306,26,0.002,1,0
306,27,0.003,1,0
306,28,0.005,2,0
306,29,0.055,4,1
306,31,0.002,2,0
306,32,0,1,0
306,33,0,1,0
306,34,0,3,1
306,35,0.003,2,0
306,36,0,4,1
306,37,0,2,0
306,38,225.5,8,2
306,39,0.001811,4,1
307,2,11.9,2,1
307,3,3.69,2,1
307,4,2.24,2,1
307,5,0,2,1
307,11,0.138,2,1
307,15,0.205,2,1
307,20,0.018,2,1
307,21,0.02,2,1
307,23,0.035,2,1
307,24,0.138,2,1
307,29,0.07,2,1
307,34,0.026,2,1
307,36,0.022,2,1
307,38,223,4,2
307,39,0.001591,2,1
308,2,23.33,2,1
308,3,0,2,1
308,4,4.9,2,1
308,5,0,2,1
308,11,0.162,2,1
308,15,0.924,2,1
308,20,0.053,2,1
308,21,0,1,1
308,23,0.039,2,1
308,24,0.277,2,1
308,29,0.043,2,1
308,34,0.237,2,1
308,36,0.125,2,1
308,38,373,4,2
308,39,0.001181,2,1
309,2,20.04,2,1
309,3,0,2,1
309,4,4.24,2,1
309,5,0,2,1
309,11,0.277,2,1
309,15,0.684,2,1
309,20,0.06,2,1
309,21,0,1,1
309,23,0.167,2,1
309,24,0.34,2,1
309,29,0,1,1
309,34,0.492,2,1
309,36,0.062,2,1
309,38,321.5,4,2
309,39,0.0010409999999999998,2,1
311,2,4.333333333333333,3,0
311,3,0,3,0
311,4,80.86666666666666,3,0
311,20,0.12,1,0
311,21,0.45,1,0
311,38,1931.3333333333333,6,0
312,1,4.7325,2,2
312,2,5.678999999999999,6,3
312,3,41.33416666666667,6,3
312,4,0.23,4,1
312,5,4.9,4,1
312,11,0.002,4,1
312,15,0.032,4,1
312,20,0.048,4,1
312,21,0.018,4,1
312,23,0,1,1
312,24,0,1,1
312,29,0,1,1
312,34,0,1,1
312,36,0,1,1
312,38,267,8,2
312,39,0.00093,4,1
313,1,1.8125,1,0
313,2,7.884166666666666,3,0
313,3,56.51083333333333,3,0
313,4,1.335,2,0
313,5,14.9,1,0
313,11,0.006999999999999999,2,0
313,15,0.16299999999999998,2,0
313,20,0.548,2,0
313,21,0.16449999999999998,2,0
313,23,0,1,0
313,24,0,1,0
313,29,0,1,0
313,34,0,1,0
313,36,0,1,0
313,38,757,4,0
313,39,0.002787,2,0
314,2,3.17,2,1
314,3,2.85,2,1
314,4,0.49,2,1
314,5,2.7,2,1
314,7,0,2,1
314,8,0,2,1
314,11,0,2,1
314,12,0.017,2,1
314,15,0.009,2,1
314,20,0.017,2,1
314,21,0.113,2,1
314,23,0,2,1
314,24,0,2,1
314,25,0,2,1
314,28,0,2,1
314,29,0,2,1
314,31,0,2,1
314,34,0,2,1
314,36,0,2,1
314,38,57,4,2
314,39,0.00093,2,1
317,1,0.5,1,1
317,2,13.6775,5,4
317,3,0,6,5
317,4,0.342,6,5
317,5,0,6,5
317,11,0.026,2,1
317,15,0.098,2,1
317,20,0.009,2,1
317,24,0.006,2,1
317,29,0.096,2,1
317,31,0,1,1
317,34,0.003,2,1
317,36,0.013,3,2
317,38,191.07425,6,4
317,39,0.5505805,3,2
318,1,0.3835,1,0
318,2,0.39,5,1
318,3,3.61,5,1
318,4,0.04,4,1
318,38,36.5,8,2
318,39,0.001461,2,1
319,2,17.28,2,1
319,3,0,2,1
319,4,8.02,2,1
319,5,0,2,1
319,38,378.5,4,2
319,39,0.00121,2,1
320,1,57.972199999999994,1,0
320,2,25.126424999999998,2,0
320,3,12.1541,2,0
320,4,56.98,1,0
320,5,4.7,1,0
320,11,0,1,0
320,15,10.352,1,0
320,20,33.727,1,0
320,21,8.718,1,0
320,23,0,1,0
320,24,0,1,0
320,29,0,1,0
320,34,0,1,0
320,36,0,1,0
320,38,1586.5,2,0
320,39,0.002732,1,0
321,2,1,6,1
321,3,11.69,6,1
321,4,0.1,6,1
321,5,2,4,1
321,11,0,6,1
321,15,0.007,6,1
321,20,0.016,6,1
321,21,0.026,6,1
321,23,0,2,1
321,24,0,2,1
321,29,0,2,1
321,34,0,2,1
321,36,0,2,1
321,38,116.5,12,2
321,39,0.0008,6,1
322,1,24.502125000000003,2,0
322,2,0.62,6,1
322,3,3.39,6,1
322,4,0.02,4,1
322,5,0.5,3,1
322,15,0.004,4,1
322,20,0.009,4,1
322,38,36.5,8,2
322,39,0.0005866666666666667,4,3
323,2,0.7,3,1
323,3,4.07,3,1
323,4,0.1,3,1
323,5,1.6,3,1
323,11,0,3,1
323,15,0.018,3,1
323,20,0.041,3,1
323,24,0,3,1
323,38,44,6,2
323,39,0.001131,1,1
325,2,0.5,1,1
325,3,13.63,1,1
325,4,1.3,1,1
325,38,160.5,2,2
325,39,0.0004,1,1
326,1,0.55,2,0
326,2,28.31,2,0
326,3,88.88,1,0
326,4,0.65,1,0
326,5,39.8,1,0
326,11,0.004,1,0
326,15,0.194,1,0
326,20,0.212,1,0
326,21,0.004,1,0
326,23,0,1,0
326,24,0,1,0
326,29,0,1,0
326,34,0,1,0
326,36,0,1,0
326,38,575.5,2,0
326,39,0.0022719999999999997,1,0
327,2,17.83,2,1
327,3,0,2,1
327,4,5.6,2,1
327,5,0,2,1
327,11,0.655,2,1
327,15,1.15,2,1
327,20,0.517,2,1
327,21,0.27,2,1
327,23,0.058,2,1
327,24,0.071,2,1
327,29,0.152,2,1
327,34,0.402,2,1
327,36,0.082,2,1
327,38,329,4,2
327,39,0.001461,2,1
328,1,0.3,2,1
328,2,1.0899999999999999,6,4
328,3,37.372,6,5
328,4,0.156,5,5
328,5,1.08,5,5
328,11,0,1,1
328,15,0.075,1,1
328,20,0.032,1,1
328,21,0.017,1,1
328,23,0,1,1
328,24,0,1,1
328,29,0,1,1
328,31,0,1,1
328,34,0,1,1
328,36,0,2,2
328,38,373.4165,4,4
328,39,0.30030999999999997,2,2
329,2,15.805,5,2
329,3,0,5,2
329,4,4.38,5,2
329,5,0,5,2
329,7,0.001,2,1
329,8,0.003,2,1
329,9,0.131,1,1
329,10,0.006,1,1
329,11,0.156,5,2
329,12,0.025,2,1
329,13,2.308,1,1
329,14,0.022,1,1
329,15,1.462,5,2
329,16,0.021,1,1
329,18,0.024,1,1
329,20,0.4505,5,2
329,21,0.0715,5,2
329,23,0.0075,5,2
329,24,0.047,5,2
329,25,0.041,2,1
329,26,0.004,1,1
329,27,0.056,1,1
329,28,0.06,2,1
329,29,0.0965,5,2
329,31,0.003,2,1
329,32,0.003,1,1
329,33,0,1,1
329,34,0.0055,4,2
329,35,0.007,2,1
329,36,0.0575,4,2
329,37,0.003,2,1
329,38,276.75,10,4
329,39,0.0010054999999999999,5,2
330,1,0.1,4,1
330,2,0.63,8,4
330,3,3.822,8,5
330,4,0.046,7,5
330,5,1.02,7,5
330,11,0,1,1
330,15,0.009,1,1
330,20,0.021,1,1
330,21,0.036,1,1
330,23,0,1,1
330,24,0,1,1
330,29,0,1,1
330,31,0,1,1
330,34,0,1,1
330,36,0,2,2
330,38,44.2695,8,4
330,39,0.15015,4,2
331,1,0.6,3,1
331,2,1.3175000000000001,6,4
331,3,16.782000000000004,6,5
331,4,0.256,5,5
331,5,1.52,5,5
331,7,0.005,1,1
331,8,0,1,1
331,9,0.028,1,1
331,10,0,1,1
331,11,0.028,1,1
331,12,0,1,1
331,13,0.021,1,1
331,14,0,1,1
331,15,0.021,1,1
331,16,0,1,1
331,18,0,1,1
331,20,0.028,1,1
331,21,0.159,1,1
331,23,0,1,1
331,24,0,1,1
331,25,0,1,1
331,26,0,1,1
331,27,0,1,1
331,28,0,1,1
331,29,0,1,1
331,31,0.001,2,2
331,32,0,1,1
331,33,0,1,1
331,34,0,1,1
331,35,0,1,1
331,36,0,2,2
331,37,0,1,1
331,38,179.83275,4,4
331,39,0.300325,2,2
332,1,0.6,4,1
332,2,2.9666666666666663,8,3
332,3,9.2,10,4
332,4,0.275,9,4
332,5,1,9,4
332,11,0,1,0
332,15,1.399,1,0
332,20,1.8,1,0
332,21,0,1,0
332,23,0,1,0
332,24,0,1,0
332,29,0,1,0
332,31,0,2,1
332,34,0,1,0
332,36,0,3,1
332,38,123.6235,6,2
332,39,3.5,3,1
333,2,16.54,1,0
333,3,42.12,1,0
333,4,30.74,1,0
333,5,34.4,1,0
333,7,0.03,1,0
333,11,0.029,1,0
333,12,0,1,0
333,15,2.203,1,0
333,20,5.835,1,0
333,21,17.83,1,0
333,24,0.046,1,0
333,31,0.032,1,0
333,38,1260,2,0
333,39,0.00484,1,0
334,1,9.285714285714286,14,0
334,2,20.542857142857148,14,0
334,3,0.9392857142857142,28,0
334,4,2.7547619047619043,42,0
334,5,0.010714285714285714,28,0
334,38,0.7087142857142857,14,0
334,39,0.09742092694063927,219,0
335,2,1.14,1,0
335,3,3.81,1,0
335,4,0.72,1,0
335,5,2.5,1,0
335,11,0,1,0
335,15,0.048,1,0
335,20,0.076,1,0
335,21,0.258,1,0
335,23,0,1,0
335,24,0,1,0
335,29,0,1,0
335,34,0,1,0
335,36,0,1,0
335,38,58,2,0
335,39,0.00079,1,0
336,2,4.2,4,1
336,3,49.07,4,1
336,4,1.11,4,1
336,11,0.008,4,1
336,15,0.559,4,1
336,20,0.258,4,1
336,21,0.028,4,1
336,24,0.01,4,1
336,38,580.5,8,2
336,39,0.001671,4,1
337,1,0.9,1,1
337,2,3.175,3,2
337,3,37.895,3,2
337,4,0.1,2,1
337,5,3,2,1
337,11,0.001,2,1
337,15,0.001,2,1
337,20,0.032,2,1
337,21,0.01,2,1
337,23,0,2,1
337,24,0,2,1
337,29,0,2,1
337,34,0,2,1
337,36,0,2,1
337,38,251.5,4,2
337,39,0.00111,2,1
338,1,1.842625,2,0
338,2,3.36,6,2
338,3,3.0149999999999997,6,2
338,4,0.56,4,2
338,5,3,4,2
338,11,0,1,0
338,15,0.002,1,0
338,20,0.034,1,0
338,21,0.006,1,0
338,23,0,1,0
338,24,0,1,0
338,29,0,1,0
338,34,0,1,0
338,36,0,1,0
338,38,61.75,8,4
338,39,0.001671,4,2
339,2,18.99,2,1
339,3,0,2,1
339,4,1.91,2,1
339,5,0,2,1
339,11,0.114,2,1
339,15,0.291,2,1
339,20,0.069,2,1
339,21,0.055,2,1
339,23,0.029,2,1
339,24,0.019,2,1
339,29,0.055,2,1
339,34,0.045,2,1
339,36,0.053,2,1
339,38,254,4,2
339,39,0.00121,1,1
340,2,13.5,1,1
340,3,4.7,1,1
340,4,0.7,1,1
340,38,205,2,2
341,1,36.5,5,1
341,2,3.141666666666667,30,6
341,3,8.43142857142857,34,7
341,4,23.315714285714286,33,7
341,5,5.914285714285714,29,7
341,7,0,2,0
341,8,0,1,0
341,9,0.002,2,0
341,10,0,1,0
341,11,0,12,3
341,12,0,1,0
341,13,3.24475,4,0
341,14,0.06675,4,0
341,15,1.3046666666666669,17,3
341,16,0,1,0
341,17,0,1,0
341,19,0,1,0
341,20,0.3353333333333333,17,3
341,21,0,12,3
341,22,0,3,0
341,23,0,12,3
341,24,0,12,3
341,25,0,1,0
341,26,0,1,0
341,27,0,1,0
341,28,0,2,0
341,29,0,12,3
341,31,0,7,1
341,32,0,1,0
341,33,0.002,1,0
341,34,0,12,3
341,35,0,1,0
341,36,0,16,4
341,37,0,2,0
341,38,786.569125,42,8
341,39,0.30071024999999996,21,4
342,2,15.27,2,1
342,3,0,2,1
342,4,0.41,2,1
342,5,0,2,1
342,7,0.001,2,1
342,8,0.002,2,1
342,9,0.004,1,1
342,10,0.001,1,1
342,11,0.004,2,1
342,12,0.014,2,1
342,13,0.039,1,1
342,14,0.002,1,1
342,15,0.042,2,1
342,16,0,1,1
342,18,0.002,1,1
342,20,0.017,2,1
342,21,0.001,2,1
342,23,0,2,1
342,24,0.005,2,1
342,25,0.001,2,1
342,26,0,1,1
342,27,0.001,1,1
342,28,0.002,2,1
342,29,0.008,2,1
342,31,0,2,1
342,32,0.001,1,1
342,33,0,1,1
342,34,0.001,2,1
342,35,0.001,2,1
342,36,0.004,2,1
342,37,0.004,2,1
342,38,178.5,4,2
342,39,0.001461,3,1
343,2,17.81,4,1
343,3,0,4,1
343,4,0.67,4,1
343,5,0,4,1
343,11,0.016,4,1
343,15,0.061,4,1
343,20,0.005,4,1
343,21,0.001,4,1
343,23,0.001,4,1
343,24,0.015,4,1
343,29,0.022,4,1
343,34,0.003,4,1
343,36,0.01,4,1
343,38,212.5,8,2
343,39,0.0011610000000000001,4,1
344,1,0.9,1,1
344,2,12.577499999999999,5,4
344,3,1.64,6,5
344,4,0.388,6,5
344,5,0,6,5
344,11,0.066,2,1
344,15,0.062,2,1
344,20,0.009,2,1
344,21,0,2,1
344,23,0.028,2,1
344,24,0.024,2,1
344,29,0.039,2,1
344,31,0,1,1
344,34,0.01,2,1
344,36,0.003,3,2
344,38,190.8345,6,4
344,39,0.500805,3,2
345,1,2.97775,1,0
345,2,2,2,1
345,3,3.6,2,1
345,4,0.4,1,1
345,38,54.5,2,2
345,39,0.00121,1,1
346,1,59.175,2,0
346,2,18.958999999999996,10,0
346,3,17.247272727272726,11,0
346,4,44.427,10,0
346,5,1.0625,8,0
346,9,0.572,1,0
346,11,0.285,6,0
346,13,0.287,1,0
346,14,0.67,1,0
346,15,4.447500000000001,6,0
346,20,12.561666666666666,6,0
346,21,0.08183333333333334,6,0
346,23,0,4,0
346,24,0,4,0
346,29,0.05,4,0
346,31,0.0965,2,0
346,34,0,4,0
346,36,0,5,0
346,38,1498.4071428571428,14,0
346,39,0.0028181666666666667,6,0
347,2,23.85,3,1
347,3,59.64,3,1
347,4,2.07,3,1
347,5,10.7,3,1
347,11,0.006,3,1
347,15,0.144,3,1
347,20,0.563,3,1
347,21,0.326,3,1
347,24,0.002,3,1
347,34,0.019,3,1
347,38,889,6,2
347,39,0.0033929999999999997,3,1
348,1,0.3,1,1
348,2,0.325,4,4
348,3,19.75,5,5
348,4,0.15999999999999998,5,5
348,5,0.3,4,4
348,11,0.001,1,1
348,15,0.011,1,1
348,20,0.073,1,1
348,21,0.015,1,1
348,31,0,1,1
348,36,0,1,1
348,38,186.588,4,4
348,39,0.20021,2,2
349,2,1.1,1,1
349,3,12.3,1,1
349,4,0.2,1,1
349,5,6.7,1,1
349,38,143.5,2,2
350,2,17.78,2,1
350,3,0,2,1
350,4,3.17,2,1
350,5,0,2,1
350,11,0.464,2,1
350,15,0.593,2,1
350,20,0.046,2,1
350,21,0.009,2,1
350,23,0.011,2,1
350,24,0.086,2,1
350,29,0.092,2,1
350,34,0,1,1
350,36,0.086,2,1
350,38,269.5,4,2
350,39,0.001111,2,1
351,2,18.99,2,1
351,3,0,2,1
351,4,0.69,2,1
351,5,0,2,1
351,38,225.5,4,2
351,39,0.001251,2,1
352,2,24.36,2,0
352,3,1.23,2,0
352,4,1.0499999999999998,2,0
352,5,0,2,0
352,11,0.018000000000000002,2,0
352,15,0.0465,2,0
352,20,0.003,2,0
352,21,0.0015,2,0
352,23,0.003,2,0
352,24,0.05399999999999999,2,0
352,29,0.0195,2,0
352,34,0.0015,2,0
352,36,0.009000000000000001,2,0
352,38,307.25,4,0
352,39,0.002522,2,0
354,2,11.7,1,0
354,3,0,1,0
354,4,5.3,1,0
354,38,252,2,0
355,2,2,3,1
355,3,3.2,3,1
355,4,0.7,3,1
355,5,2.9,2,1
355,38,57,6,2
355,39,0.00111,1,1
356,2,18.5,2,1
356,3,0,2,1
356,4,0.7,2,1
356,5,0,2,1
356,11,0.023,2,1
356,15,0.086,2,1
356,20,0.036,2,1
356,21,0.005,2,1
356,23,0.005,2,1
356,24,0.003,2,1
356,29,0.002,2,1
356,34,0.009,2,1
356,36,0.009,2,1
356,38,220.5,4,2
357,2,17.54,2,1
357,3,0,2,1
357,4,4.93,2,1
357,5,0,2,1
357,11,0.791,2,1
357,15,1.199,2,1
357,20,0.155,2,1
357,21,0.114,2,1
357,24,0.081,2,1
357,29,0.224,2,1
357,34,0.119,2,1
357,36,0.144,2,1
357,38,308.5,4,2
357,39,0.001081,2,1
359,2,17.41,2,1
359,3,0.74,2,1
359,4,0.97,2,1
359,5,0,2,1
359,11,0.043,2,1
359,15,0.093,2,1
359,24,0.011,2,1
359,29,0,2,1
359,34,0.02,2,1
359,36,0.01,2,1
359,38,223,4,2
359,39,0.00171,2,1
360,1,4.09,1,1
360,2,6.9,2,1
360,3,51.08425,2,1
360,4,5.33,1,0
360,5,3.8,1,0
360,38,381,2,0
360,39,0.001121,1,0
361,2,5.465,6,2
361,3,4.125,6,2
361,4,1.63,6,2
361,5,0,6,2
361,7,0.002,3,1
361,8,0,3,1
361,9,0.086,1,0
361,10,0.017,1,0
361,11,0.045,6,2
361,12,0.003,3,1
361,13,0.295,1,0
361,14,0.041,1,0
361,15,0.121,6,2
361,16,0.011,1,0
361,18,0.01,1,0
361,20,0.0345,6,2
361,21,0.064,6,2
361,23,0.07,6,2
361,24,0.0305,6,2
361,25,0.003,3,1
361,26,0.004,1,0
361,27,0.007,1,0
361,28,0.006,3,1
361,29,0.0275,6,2
361,31,0.001,3,1
361,32,0.001,1,0
361,33,0,1,0
361,34,0.001,4,1
361,35,0.002,3,1
361,36,0.01,4,1
361,37,0,3,1
361,38,142.5,12,4
361,39,0.001165,6,2
362,2,21.045,2,0
362,3,0,2,0
362,4,13.305,2,0
362,5,0,2,0
362,11,1.432,2,0
362,15,3.163,2,0
362,20,0.2235,2,0
362,21,0.493,2,0
362,23,0,2,0
362,24,3.423,2,0
362,29,0.1085,2,0
362,34,0,2,0
362,36,0.08449999999999999,2,0
362,38,544.25,4,0
362,39,0.0016105,2,0
363,1,0.5,3,1
363,2,0.54,10,4
363,3,15.6,13,5
363,4,0.26,13,5
363,5,4.2,13,5
363,11,0,1,1
363,15,0.08,1,1
363,20,0.162,1,1
363,21,0.085,1,1
363,23,0,1,1
363,24,0,1,1
363,29,0,1,1
363,31,0,3,1
363,34,0,1,1
363,36,0,4,2
363,38,164.57,8,4
363,39,0.30032,4,2
366,2,4.6,1,1
366,3,31.68,1,1
366,4,1.8,1,1
366,38,389,2,2
366,39,0.001921,1,1
367,2,20.35,2,1
367,3,0,2,1
367,4,4.84,2,1
367,5,0,2,1
367,11,0.4,2,1
367,15,0.624,2,1
367,20,0.097,2,1
367,21,0,2,1
367,23,0.055,2,1
367,24,0,2,1
367,29,0.007,2,1
367,34,0.115,2,1
367,36,0.029,2,1
367,38,339.5,4,2
367,39,0.001441,2,1
368,1,5.3629999999999995,2,2
368,2,4.6225000000000005,8,4
368,3,51.386,7,3
368,4,1.755,6,2
368,5,8.1,3,1
368,11,0.0165,6,2
368,15,0.581,6,2
368,20,0.619,6,2
368,21,0.074,6,2
368,23,0,2,0
368,24,0.0075,6,2
368,29,0,2,0
368,34,0,2,0
368,36,0,2,0
368,38,530,12,4
368,39,0.0010455,6,2
369,1,3,1,1
369,2,12.862499999999999,5,4
369,3,0,6,5
369,4,1.65,6,5
369,5,0,6,5
369,31,0,1,1
369,36,0,1,1
369,38,220.5975,6,4
369,39,1.00106,3,2
370,2,3.855,2,2
370,3,12.76,2,2
370,4,1.775,2,2
370,5,8.3,2,2
370,38,191,4,4
370,39,0.002542,1,1
371,2,18.48,2,1
371,3,0,2,1
371,4,9.47,2,1
371,5,0,2,1
371,11,0.563,2,1
371,15,2.023,2,1
371,20,0.121,2,1
371,21,0,1,1
371,23,0,1,1
371,24,0,1,1
371,29,0.246,2,1
371,34,0,1,1
371,36,0.202,2,1
371,38,425,4,2
371,39,0.00111,2,1
372,1,2.701,1,1
372,2,6.515000000000001,4,2
372,3,49.285,4,2
372,4,1.68,3,1
372,5,9.3,1,0
372,11,0.079,3,1
372,15,0.512,3,1
372,20,0.578,3,1
372,21,0.021,3,1
372,23,0,1,0
372,24,0.01,3,1
372,29,0,1,0
372,34,0,1,0
372,36,0,1,0
372,38,471.5,6,2
372,39,0.00121,3,1
374,1,0.4,4,1
374,2,0.4325,23,4
374,3,14.63,27,5
374,4,0.19,27,5
374,5,0.74,26,5
374,7,0.003,1,0
374,11,0,11,1
374,15,0.014,11,1
374,20,0.079,11,1
374,21,0.024,11,1
374,23,0,10,1
374,24,0,10,1
374,29,0,10,1
374,31,0,5,1
374,34,0,10,1
374,36,0,14,2
374,38,152.06525,30,4
374,39,0.20028500000000002,11,2
375,1,15.6,3,1
375,2,10.2925,11,4
375,3,0,14,5
375,4,8.767999999999999,14,5
375,5,0,14,5
375,11,1.763,2,1
375,15,2.393,2,1
375,20,0.123,2,1
375,21,0.043,2,1
375,23,0.132,2,1
375,24,2.237,2,1
375,29,0.061,2,1
375,31,0,3,1
375,34,1.968,2,1
375,36,0.118,5,2
375,38,438.197,10,4
375,39,1.1,4,1
376,1,0.6,1,1
376,2,0.95,4,4
376,3,8.680000000000001,5,5
376,4,0.25999999999999995,5,5
376,5,2.15,4,4
376,31,0,1,1
376,36,0,1,1
376,38,111.793,4,4
376,39,0.2504,2,2
377,2,19.38,2,1
377,3,0,2,1
377,4,1.02,2,1
377,5,0,2,1
377,11,0.027,2,1
377,15,0.145,2,1
377,20,0.012,2,1
377,21,0.01,1,1
377,23,0,1,1
377,24,0.029,1,1
377,29,0.033,2,1
377,34,0.007,1,1
377,36,0.01,2,1
377,38,238.5,4,2
377,39,0.001171,2,1
378,39,0.001251,2,0
379,1,1,3,1
379,2,14.28,12,4
379,3,0,15,5
379,4,0.43000000000000005,15,5
379,5,0,15,5
379,7,0.001,2,1
379,8,0,2,1
379,9,0.003,1,1
379,10,0.001,1,1
379,11,0.004,3,1
379,12,0.006,2,1
379,13,0.037,1,1
379,14,0.003,1,1
379,15,0.039,3,1
379,16,0,1,1
379,18,0.001,1,1
379,20,0.015,3,1
379,21,0.002,3,1
379,23,0.002,3,1
379,24,0.005,3,1
379,25,0.001,2,1
379,26,0.001,1,1
379,27,0.001,1,1
379,28,0.002,2,1
379,29,0.009,3,1
379,31,0,5,2
379,32,0.002,1,1
379,33,0,1,1
379,34,0.002,3,1
379,35,0.001,2,1
379,36,0.0025,6,2
379,37,0.004,2,1
379,38,185.3395,12,4
379,39,0.5506405000000001,6,2
380,2,19.545,4,2
380,3,0.905,4,2
380,4,2.125,4,2
380,5,0,4,2
380,7,0.0035,4,2
380,8,0.001,4,2
380,9,0.065,1,1
380,10,0.003,1,1
380,11,0.14950000000000002,4,2
380,12,0.0035,4,2
380,13,0.221,1,1
380,14,0.008,1,1
380,15,0.41,4,2
380,16,0.002,1,1
380,18,0.013,1,1
380,20,0.026000000000000002,4,2
380,21,0.009999999999999998,4,2
380,23,0.0035,3,2
380,24,0.1195,4,2
380,25,0.007,4,2
380,26,0.003,1,1
380,27,0.005,1,1
380,28,0.0055,4,2
380,29,0.021,4,2
380,30,0,1,1
380,31,0.0005,4,2
380,32,0.007,3,2
380,33,0,1,1
380,34,0.008,4,2
380,35,0.0005,3,2
380,36,0.0375,4,2
380,37,0.013500000000000002,3,2
380,38,268.25,8,4
380,39,0.0012909999999999998,2,1
381,1,49.3,1,0
381,2,11.39625,8,0
381,3,19.453333333333337,9,0
381,4,48.154444444444444,9,0
381,5,6.2555555555555555,9,0
381,6,0,3,0
381,7,0,3,0
381,11,0.13774999999999998,4,0
381,15,54.37925,4,0
381,20,7.95875,4,0
381,21,0.05125,4,0
381,23,0,2,0
381,24,0.09575,4,0
381,25,0,3,0
381,28,0,3,0
381,29,0,4,0
381,31,0,4,0
381,34,0,4,0
381,36,0,5,0
381,37,0,3,0
381,38,1684.1251666666667,12,0
381,39,0.40172150000000006,6,0
382,2,12.72,1,0
382,3,18.25,1,0
382,4,64.37,1,0
382,5,6.4,1,0
382,11,0.277,1,0
382,15,32.011,1,0
382,20,20.623,1,0
382,21,1.047,1,0
382,23,0,1,0
382,24,0,1,0
382,29,0,1,0
382,34,0,1,0
382,36,0,1,0
382,38,1703,2,0
384,1,9.437624999999999,4,0
384,2,5.75,10,2
384,3,8.405,10,2
384,4,0.7999999999999999,6,2
384,5,2.6,6,2
384,11,0,2,0
384,15,0.285,2,0
384,20,0.009,2,0
384,21,0,2,0
384,23,0,2,0
384,24,0,2,0
384,29,0,2,0
384,34,0,2,0
384,36,0,2,0
384,38,131,12,4
384,39,0.001616,4,2
385,2,0.81,3,2
385,3,10.504999999999999,3,2
385,4,0.43,3,2
385,5,2.6,1,1
385,38,127.25,6,4
386,1,0.62925,2,0
386,2,13,8,2
386,3,34.965,8,2
386,4,0.945,6,2
386,5,3.3,1,1
386,11,0.001,3,1
386,15,0.08549999999999999,6,2
386,20,0.358,6,2
386,21,0.007,3,1
386,23,0,1,1
386,24,0,1,1
386,29,0,1,1
386,34,0,1,1
386,36,0,1,1
386,38,505.75,12,4
386,39,0.0024669999999999996,6,2
387,1,1.2,1,0
387,2,1.51,2,1
387,3,12.29,2,1
387,4,0.16,1,1
387,5,1.3,1,1
387,11,0.005,1,1
387,15,0.005,1,1
387,20,0.002,1,1
387,21,0.001,1,1
387,23,0,1,1
387,24,0.005,1,1
387,29,0.005,1,1
387,34,0,1,1
387,36,0,1,1
387,38,127,2,2
387,39,0.00474,1,1
388,2,23.19,1,0
388,3,0,1,0
388,4,6.3,1,0
388,5,0,1,0
388,11,0.4,1,0
388,15,1.132,1,0
388,20,0.099,1,0
388,21,0.043,1,0
388,23,0.106,1,0
388,24,0.278,1,0
388,29,0.069,1,0
388,34,0.414,1,0
388,36,0.104,1,0
388,38,404.5,2,0
388,39,0.0017310000000000001,1,0
389,1,0.611625,2,2
389,2,5.537833333333334,4,3
389,3,45.471666666666664,4,3
389,4,0.64,2,1
389,5,1.5,2,1
389,7,0.004,1,1
389,8,0,1,1
389,9,0.024,1,1
389,10,0,1,1
389,11,0.024,1,1
389,12,0,1,1
389,13,0.127,1,1
389,14,0,1,1
389,15,0.127,1,1
389,16,0,1,1
389,18,0,1,1
389,20,0.015,1,1
389,21,0.079,1,1
389,23,0,1,1
389,24,0,1,1
389,25,0,1,1
389,26,0,1,1
389,27,0,1,1
389,28,0,1,1
389,29,0,1,1
389,31,0.004,1,1
389,32,0,1,1
389,33,0,1,1
389,34,0,1,1
389,35,0,1,1
389,36,0,1,1
389,37,0,1,1
389,38,246,4,2
389,39,0.00094,2,1
390,2,2.25,4,1
390,3,34.91,4,1
390,4,0.53,4,1
390,11,0.004,4,1
390,15,0.268,4,1
390,20,0.123,4,1
390,21,0.013,4,1
390,24,0.005,4,1
390,38,399,8,2
390,39,0.00091,4,1
391,1,0.97,1,0
391,2,0.72,2,1
391,3,15.56,2,1
391,4,0.23,1,1
391,38,155.5,2,2
391,39,0.00035999999999999997,1,1
392,1,0.6,2,1
392,2,1.625,5,4
392,3,13.728,6,5
392,4,0.202,5,5
392,5,1.36,5,5
392,11,0,1,1
392,15,0.004,1,1
392,20,0.001,1,1
392,21,0,1,1
392,23,0,1,1
392,24,0,1,1
392,29,0,1,1
392,31,0,1,1
392,34,0,1,1
392,36,0,2,2
392,38,162.8185,4,4
392,39,0.601271,2,2
393,2,1.2,2,1
393,3,20.23,2,1
393,4,0.2,2,1
393,38,205,4,2
394,1,7.09625,2,0
394,2,4.65,4,1
394,3,5.8,4,1
394,4,0.25,3,1
394,5,2,2,0
394,11,0.003,3,1
394,15,0.014,3,1
394,20,0.117,3,1
394,21,0.002,3,1
394,23,0,1,0
394,24,0,1,0
394,29,0,1,0
394,34,0,1,0
394,36,0,1,0
394,38,88,6,2
394,39,0.001581,3,1
395,1,0.75,2,0
395,2,2.733333333333333,16,3
395,3,7.640000000000001,18,3
395,4,0.8999999999999999,17,2
395,5,2.6333333333333333,17,3
395,11,0.001,8,1
395,15,0.042,8,1
395,20,0.118,8,1
395,21,0.154,8,1
395,23,0,3,0
395,24,0,3,0
395,29,0.001,8,1
395,31,0,3,1
395,34,0,3,0
395,36,0,6,1
395,38,154.33333333333334,21,3
395,39,0.3148285714285714,7,0
396,2,1.68,1,1
396,3,9.57,1,1
396,4,0.56,1,1
396,5,1.3,1,1
396,11,0.004,1,1
396,15,0.086,1,1
396,20,0.02,1,1
396,21,0.004,1,1
396,23,0.004,1,1
396,24,0,1,1
396,29,0.012,1,1
396,34,0,1,1
396,36,0,1,1
396,38,111.5,2,2
396,39,0.0066159999999999995,1,1
397,2,20.28,2,1
397,3,0,2,1
397,4,2,2,1
397,5,0,2,1
397,11,0.118,2,1
397,15,0.311,2,1
397,20,0.04,2,1
397,23,0.09,2,1
397,24,0.122,2,1
397,34,0.213,2,1
397,36,0.017,2,1
397,38,272,4,2
397,39,0.001281,2,1
398,1,1.5,1,1
398,2,1.0699999999999998,4,4
398,3,12.620000000000001,5,5
398,4,0.6719999999999999,5,5
398,5,3.06,5,5
398,11,0.021,1,1
398,15,0.137,1,1
398,20,0.124,1,1
398,21,0.047,1,1
398,23,0,1,1
398,24,0,1,1
398,29,0,1,1
398,31,0,1,1
398,34,0,1,1
398,36,0,2,2
398,38,160.06825,4,4
398,39,0.25026,2,2
399,1,4.974,2,0
399,2,4.205,7,2
399,3,7.13,6,2
399,4,0.54,5,2
399,5,5.15,5,2
399,11,0.002,3,1
399,15,0.115,3,1
399,20,0.313,3,1
399,21,0.036,3,1
399,23,0,1,0
399,24,0.013,3,1
399,29,0.002,3,1
399,34,0.02,3,1
399,36,0,1,0
399,38,116.75,10,4
399,39,0.003323,4,1
400,2,17.1,1,0
400,3,0,1,0
400,4,1.6,1,0
400,38,214.5,2,0
401,1,1.8333333333333333,3,3
401,2,10.4,7,4
401,3,33.7625,7,4
401,4,0.3,4,1
401,5,1.8,4,1
401,11,0,1,1
401,15,0.004,4,1
401,20,0.067,4,1
401,21,0.099,4,1
401,23,0,1,1
401,24,0,1,1
401,29,0,1,1
401,34,0,1,1
401,36,0,1,1
401,38,158,8,2
401,39,0.0020617499999999998,4,4
402,1,0.2,1,1
402,2,15.447499999999998,5,4
402,3,0,6,5
402,4,0.168,6,5
402,5,0,6,5
402,31,0,1,1
402,36,0,1,1
402,38,198.836,6,4
402,39,0.550705,3,2
403,2,17.78,4,2
403,3,0,4,2
403,4,0.93,4,2
403,5,0,2,1
403,11,0,2,1
403,15,0,2,1
403,20,0,2,1
403,21,0,1,1
403,23,0,1,1
403,24,0,2,1
403,29,0,2,1
403,34,0,1,1
403,36,0,2,1
403,38,212.5,8,4
403,39,0.001211,2,1
404,2,16.52,2,1
404,3,0,2,1
404,4,0.75,2,1
404,5,0,2,1
404,7,0,2,1
404,8,0,2,1
404,9,0.03,1,0
404,10,0.004,1,0
404,11,0.03,2,1
404,12,0.003,2,1
404,13,0.174,1,0
404,14,0.006,1,0
404,15,0.157,2,1
404,16,0.002,1,0
404,18,0.003,1,0
404,20,0.033,2,1
404,21,0.043,2,1
404,23,0.002,2,1
404,24,0.027,2,1
404,25,0.006,2,1
404,26,0.006,1,0
404,27,0.006,1,0
404,28,0.01,2,1
404,29,0.026,2,1
404,31,0.001,2,1
404,32,0.003,1,0
404,33,0,1,0
404,34,0.002,2,1
404,35,0.002,2,1
404,36,0.006,2,1
404,37,0.001,2,1
404,38,200.5,4,2
404,39,0.001881,2,1
405,1,0.3,1,0
405,2,1.18,4,0
405,3,10.884,5,0
405,4,0.122,5,0
405,5,3.1799999999999997,5,0
405,11,0,1,0
405,15,0.028,1,0
405,20,0.117,1,0
405,21,0.059,1,0
405,23,0,1,0
405,24,0.002,1,0
405,29,0,1,0
405,31,0,1,0
405,34,0,1,0
405,36,0,2,0
405,38,123.8025,4,0
405,39,0.25027,2,0
406,2,4.13,2,1
406,3,17.28,2,1
406,4,0.53,2,1
406,15,0.062,2,1
406,20,0.285,2,1
406,21,0.027,2,1
406,24,0.012,2,1
406,34,0.031,2,1
406,38,230.5,4,2
406,39,0.001071,2,1
407,1,1.4576166666666666,3,3
407,2,11.1426375,6,4
407,3,44.956,6,4
407,4,0.1,3,1
407,5,4.9,3,1
407,11,0.002,3,1
407,15,0.014,3,1
407,20,0.014,3,1
407,21,0.006,3,1
407,23,0,1,0
407,24,0.002,3,1
407,29,0,1,0
407,34,0,1,0
407,36,0,1,0
407,38,192.5,6,2
407,39,0.0009699999999999999,3,1
408,1,10.3015,1,1
408,2,37.212500000000006,4,2
408,3,40.62425,4,2
408,4,9.74,3,1
408,5,2.8,2,0
408,11,0.034,3,1
408,15,3.558,3,1
408,20,1.995,3,1
408,21,0.446,3,1
408,24,0.255,3,1
408,34,0.093,3,1
408,38,961.5,6,2
408,39,0.003283,3,1
409,1,2.32375,1,0
409,2,1.8,3,1
409,3,3.4,3,1
409,4,0.3,2,1
409,5,2.1,1,0
409,38,49,4,2
409,39,0.0010409999999999998,1,0
410,1,3.46375,1,0
410,2,0.5,2,1
410,3,12.5,2,1
410,4,0.5,1,1
410,5,3,1,1
410,11,0,1,1
410,15,0.205,1,1
410,20,0.079,1,1
410,21,0,1,1
410,23,0,1,1
410,24,0,1,1
410,29,0,1,1
410,34,0,1,1
410,36,0,1,1
410,38,132,2,2
410,39,0.0003,1,1
411,1,3,1,0
411,2,1.187125,2,0
411,3,36.53,2,0
411,4,0.58,1,0
411,5,1.8,1,0
411,38,189,2,0
411,39,0.00016,1,0
412,2,5.8,1,1
412,3,22.6,1,1
412,4,2.4,1,1
412,38,350.5,2,2
413,2,20.53,2,1
413,3,0,2,1
413,4,6.73,2,1
413,5,0,2,1
413,38,383.5,4,2
413,39,0.001141,2,1
414,2,14.48,2,1
414,3,0,2,1
414,4,1.52,2,1
414,5,0,2,1
414,38,197,4,2
414,39,0.001211,2,1
416,1,2.0564999999999998,4,0
416,2,22.94,7,1
416,3,61.52,7,1
416,4,1.61,3,1
416,15,0.129,3,1
416,20,0.485,3,1
416,21,0.265,3,1
416,38,889,6,2
416,39,0.004264,3,1
417,1,0.3195,1,0
417,2,1.34,4,1
417,3,16.31,4,1
417,4,0.1,3,1
417,15,0.004,3,1
417,20,0.038,3,1
417,21,0.007,3,1
417,38,173.5,6,2
417,39,0.00082,3,1
418,2,19.35,2,1
418,3,0,2,1
418,4,3.79,2,1
418,5,0,2,1
418,11,0.564,2,1
418,15,0.293,2,1
418,20,0.088,2,1
418,21,0.025,1,1
418,23,0.082,1,1
418,24,0.023,1,1
418,29,0.096,2,1
418,34,0.031,1,1
418,36,0.099,2,1
418,38,303.5,4,2
418,39,0.00121,2,1
420,1,29.78175,1,0
420,2,14.1261875,4,0
420,3,15.628225,4,0
420,4,46.75,3,0
420,5,5.166666666666667,3,0
420,6,0,1,0
420,7,0,2,0
420,8,0,2,0
420,9,0.009,1,0
420,10,0,1,0
420,11,0.09566666666666666,3,0
420,12,0,2,0
420,13,0.924,1,0
420,14,0.0025,2,0
420,15,7,3,0
420,16,0,1,0
420,18,0.008,1,0
420,20,7.232,3,0
420,21,3.3830000000000005,3,0
420,23,0,2,0
420,24,3.5083333333333333,3,0
420,25,0.131,2,0
420,26,0.03,1,0
420,27,0,1,0
420,28,0.03,1,0
420,29,0,2,0
420,31,0.09699999999999999,2,0
420,32,1.263,1,0
420,33,0,1,0
420,34,17.264333333333333,3,0
420,36,0,2,0
420,37,0.3635,2,0
420,38,1260.3333333333333,6,0
420,39,0.0025689999999999997,3,0
421,2,2.2,3,1
421,3,3.9,3,1
421,4,0.3,3,1
421,5,2.8,3,1
421,11,0,1,1
421,15,0.022,1,1
421,20,0.03,1,1
421,21,0.027,1,1
421,23,0,1,1
421,24,0.028,1,1
421,29,0,1,1
421,34,0.087,1,1
421,36,0,1,1
421,38,57,6,2
421,39,0.0010033333333333333,3,3
422,1,1.76675,1,1
422,2,7.375,4,2
422,3,12.291625,4,2
422,4,0.2,3,1
422,5,1.5,3,1
422,11,0.003,3,1
422,15,0.003,3,1
422,20,0.013,3,1
422,21,0.066,3,1
422,38,36.5,6,2
422,39,0.00181,3,1
423,2,1.32,2,1
423,3,3.33,2,1
423,4,0.09,2,1
423,5,2.2,2,1
423,11,0.002,2,1
423,15,0.017,2,1
423,20,0.044,2,1
423,21,0.005,2,1
423,23,0,2,1
423,24,0,2,1
423,29,0,2,1
423,34,0,2,1
423,36,0,2,1
423,38,41,4,2
423,39,0.001141,2,1
424,2,16.64,2,1
424,3,0,2,1
424,4,0.91,2,1
424,5,0,2,1
424,11,0.082,2,1
424,15,0.247,2,1
424,20,0.032,2,1
424,38,205,4,2
424,39,0.001131,2,1
425,2,12.3,1,0
425,3,0,1,0
425,4,0.8,1,0
425,38,146,2,0
426,2,0.38,1,1
426,3,6.84,1,1
426,4,0.22,1,1
426,38,72.5,2,2
426,39,0.00026000000000000003,1,1
427,1,0.1,1,1
427,2,1.575,9,4
427,3,5.726000000000001,10,5
427,4,0.04,10,5
427,5,1.9200000000000004,10,5
427,11,0,6,1
427,15,0.016,6,1
427,20,0.026,6,1
427,21,0.001,6,1
427,23,0,5,1
427,24,0,5,1
427,29,0,6,1
427,31,0,1,1
427,34,0,5,1
427,36,0,6,2
427,38,72.032,14,4
427,39,0.35042999999999996,7,2
428,2,11.7,1,0
428,3,0,1,0
428,4,2.2,1,0
428,38,173,2,0
430,39,0.0007767777777777777,18,0
431,2,0,1,0
431,3,0,1,0
431,4,99.32,1,0
431,5,0,1,0
431,7,0.56,1,0
431,8,0.06,1,0
431,11,10.96,1,0
431,12,0,1,0
431,15,21.94,1,0
431,20,0.95,1,0
431,21,0.79,1,0
431,23,0.97,1,0
431,24,15.02,1,0
431,25,0.2,1,0
431,28,0.1,1,0
431,29,0.72,1,0
431,30,0.28,1,0
431,31,0,1,0
431,34,5.85,1,0
431,35,0.16,1,0
431,36,3.44,1,0
431,37,0.13,1,0
431,38,2317,2,0
432,2,16.39,5,1
432,3,0,5,1
432,4,13.88,5,1
432,5,0,2,1
432,11,1.057,2,1
432,15,2.913,2,1
432,20,0.192,3,1
432,21,0.057,3,1
432,23,0.248,2,1
432,24,1.359,2,1
432,29,0.096,2,1
432,34,1.492,2,1
432,36,0.172,2,1
432,38,505.5,10,2
432,39,0.002372,2,1
433,2,9.45,2,1
433,3,4.95,2,1
433,4,2.3,2,1
433,5,0,2,1
433,11,0.114,2,1
433,15,0.191,2,1
433,20,0.032,2,1
433,21,0.032,2,1
433,23,0.084,2,1
433,24,0,2,1
433,29,0.038,2,1
433,34,0.053,2,1
433,36,0.02,2,1
433,38,210,4,2
433,39,0.001231,2,1
434,2,20.295,2,0
434,3,0,2,0
434,4,1.48,2,0
434,5,0,2,0
434,7,0.002,2,0
434,8,0.002,2,0
434,9,0.07,1,0
434,10,0.002,1,0
434,11,0.07949999999999999,2,0
434,12,0.0055,2,0
434,13,0.232,1,0
434,14,0.003,1,0
434,15,0.25949999999999995,2,0
434,16,0.002,1,0
434,18,0.015,1,0
434,20,0.041999999999999996,2,0
434,21,0.013000000000000001,2,0
434,23,0.0165,2,0
434,24,0.0545,2,0
434,25,0.0045000000000000005,2,0
434,26,0.003,1,0
434,27,0.002,1,0
434,28,0.0055,2,0
434,29,0.0165,2,0
434,31,0.001,2,0
434,32,0.01,1,0
434,33,0,1,0
434,34,0.011,2,0
434,35,0.0025,2,0
434,36,0.025,2,0
434,37,0.012,2,0
434,38,258.75,4,0
434,39,0.001451,2,0
436,1,6.683,2,0
436,2,8.71,1,0
436,3,46.8,1,0
437,1,1.68075,2,2
437,2,4.107833333333333,3,3
437,3,48.65,2,2
437,4,0.4,1,1
437,38,329,2,2
437,39,0.0009,1,1
438,39,0.0013105,4,0
439,1,1.2,1,1
439,2,15.065000000000001,6,4
439,3,0,7,5
439,4,0.5980000000000001,7,5
439,5,0,6,5
439,11,0.056,2,1
439,15,0.079,2,1
439,20,0.032,2,1
439,21,0.021,2,1
439,23,0,1,1
439,24,0.013,2,1
439,29,0.028,2,1
439,31,0,1,1
439,34,0.005,2,1
439,36,0.007,3,2
439,38,205.84175,8,4
439,39,0.6006049999999999,3,2
440,2,10.8,1,0
440,3,3.98,1,0
440,4,79.55,1,0
440,15,37.229,1,0
440,20,7.605,1,0
440,38,1863.5,2,0
440,39,0.002912,1,0
441,1,62.85175,1,0
441,2,11.57,1,0
441,3,18.07,2,0
441,4,60.98,1,0
441,5,10.7,1,0
441,11,0.25,1,0
441,15,21.528,1,0
441,20,24.882,1,0
441,21,0.787,1,0
441,24,1.164,1,0
441,38,1630.5,2,0
441,39,0.002262,1,0
442,1,1.781875,2,0
442,2,0.8,3,1
442,3,7.49,2,1
442,4,0.4,1,1
442,38,85.5,2,2
442,39,0.0005,1,1
443,2,0.12,2,1
443,3,10.17,2,1
443,4,0.11,2,1
443,5,5.3,1,1
443,38,109,4,2
444,1,0.4,1,1
444,2,1.025,7,4
444,3,30.978,8,5
444,4,0.154,8,5
444,5,1.38,8,5
444,7,0.0015,2,0
444,8,0,2,0
444,9,0.1305,2,0
444,10,0.002,2,0
444,11,0.009,4,1
444,12,0.0005,2,0
444,13,3.048,2,0
444,14,0.0945,2,0
444,15,0.021,4,1
444,16,0.019,2,0
444,18,0.0385,2,0
444,20,0.043,4,1
444,21,0.025,4,1
444,23,0,4,1
444,24,0,4,1
444,25,0.046,2,0
444,26,0.0085,2,0
444,27,0.006,2,0
444,28,0.0145,2,0
444,29,0,4,1
444,31,0,3,1
444,32,0.0005,2,0
444,33,0,2,0
444,34,0,4,1
444,35,0.0055,2,0
444,36,0,5,2
444,37,0.0025,2,0
444,38,297.6395,10,4
444,39,1.2,7,1
445,1,2.6,1,0
445,2,2.6,4,1
445,3,3.7,4,1
445,4,0.4,3,1
445,5,1.7,3,1
445,11,0.001,1,0
445,15,0.012,1,0
445,20,0.166,1,0
445,21,0.009,1,0
445,23,0,1,0
445,24,0,1,0
445,29,0,1,0
445,34,0,1,0
445,36,0,1,0
445,38,59.5,6,2
445,39,0.0014433333333333336,3,3
447,1,47.5,1,0
447,2,18.3397,2,0
447,3,26.34075,2,0
447,4,41.56,1,0
447,5,19.5,1,0
447,6,0,1,0
447,7,0,1,0
447,8,0,1,0
447,11,0.039,1,0
447,12,0,1,0
447,13,5.864,1,0
447,14,0,1,0
447,15,5.864,1,0
447,20,28.295,1,0
447,21,0.273,1,0
447,23,0,1,0
447,24,0.078,1,0
447,25,0,1,0
447,28,0,1,0
447,29,0,1,0
447,31,0,1,0
447,34,0,1,0
447,36,0,1,0
447,37,0,1,0
447,38,1360.5,2,0
447,39,0.006376000000000001,1,0
448,1,3.68,1,1
448,2,13.610000000000001,3,2
448,3,35.67,2,1
448,4,0.36,2,1
448,5,8,2,1
448,38,405,4,2
448,39,0.00065,2,1
449,1,0.5,1,1
449,2,0.5574999999999999,4,4
449,3,8.154,5,5
449,4,0.202,5,5
449,5,2.16,5,5
449,11,0.002,1,1
449,15,0.072,1,1
449,20,0.186,1,1
449,21,0.023,1,1
449,23,0,1,1
449,24,0.001,1,1
449,29,0,1,1
449,31,0,1,1
449,34,0,1,1
449,36,0,2,2
449,38,93.54025,4,4
449,39,0.534007,3,3
450,2,14.12,2,1
450,3,64.16,2,1
450,4,6.07,2,1
450,5,7,2,1
450,7,0,1,1
450,8,0,1,1
450,11,0,1,1
450,12,0,1,1
450,15,1.42,1,1
450,20,2.977,1,1
450,21,0.26,1,1
450,23,0,1,1
450,24,0.093,1,1
450,25,0,1,1
450,28,0,1,1
450,29,0.009,1,1
450,30,0,1,1
450,31,0.03,1,1
450,34,0.083,1,1
450,35,0,1,1
450,36,0,1,1
450,37,0.017,1,1
450,38,953.5,4,2
450,39,0.002382,2,1
453,2,17.63,2,1
453,3,0,2,1
453,4,2.42,2,1
453,5,0,2,1
453,11,0.199,2,1
453,15,0.407,2,1
453,20,0.045,2,1
453,21,0.049,2,1
453,23,0.025,2,1
453,24,0.028,2,1
453,29,0.055,2,1
453,34,0.001,2,1
453,36,0.018,2,1
453,38,251.5,4,2
453,39,0.00141,2,1
454,1,5,2,2
454,2,16.686666666666667,10,6
454,3,0,12,8
454,4,2.8044444444444445,13,9
454,5,0,12,8
454,7,0.004,4,1
454,8,0.005,4,1
454,9,0.335,1,1
454,10,0.006,1,1
454,11,0.2715,6,2
454,12,0,4,1
454,13,1.352,1,1
454,14,0.021,1,1
454,15,0.994,6,2
454,16,0.008,1,1
454,18,0.019,1,1
454,20,0.3655,6,2
454,21,0.093,6,2
454,23,0.0335,4,2
454,24,0.167,6,2
454,25,0.04,4,1
454,26,0.007,1,1
454,27,0.02,1,1
454,28,0.027,4,1
454,29,0.076,6,2
454,31,0.0015,5,2
454,32,0.017,3,1
454,33,0.001,1,1
454,34,0.078,5,2
454,35,0.007,2,1
454,36,0.09200000000000001,6,3
454,37,0.017,2,1
454,38,272.71757142857143,15,7
454,39,0.7006304999999999,6,4
455,1,1.0675,1,0
455,2,0.6,2,1
455,3,5.7,2,1
455,4,0.3,1,1
455,38,65,2,2
456,1,0.5,3,1
456,2,0.4333333333333333,10,3
456,3,11.649999999999999,13,4
456,4,0.125,13,4
456,5,3.05,13,4
456,31,0,3,1
456,36,0,3,1
456,38,112.112,8,2
456,39,0.9,4,1
457,1,8.966666666666667,3,3
457,2,4.98,2,2
457,3,38.465,4,4
457,4,0.64,1,1
457,38,127,2,2
457,39,0.00051,1,1
458,2,16.41,2,1
458,3,0,2,1
458,4,0.7,2,1
458,5,0,2,1
458,7,0,2,1
458,8,0,2,1
458,11,0.028,2,1
458,12,0,2,1
458,15,0.154,2,1
458,20,0.032,2,1
458,21,0.003,2,1
458,23,0.001,2,1
458,24,0.041,2,1
458,25,0.037,2,1
458,28,0,2,1
458,29,0.011,2,1
458,31,0,2,1
458,34,0.016,2,1
458,36,0.001,2,1
458,38,198,4,2
458,39,0.001081,2,1
459,2,13.41,3,1
459,3,0,3,1
459,4,15.3,3,1
459,5,0,3,1
459,11,1.223,3,1
459,15,4.074,3,1
459,20,0.165,3,1
459,21,0.095,3,1
459,23,0.114,3,1
459,24,1.421,3,1
459,29,0.104,3,1
459,34,1.304,3,1
459,36,0.169,3,1
459,38,505.5,6,2
459,39,0.0010509999999999999,3,1
460,2,20.5,6,1
460,3,0,6,1
460,4,4.4,6,1
460,5,0,6,1
460,7,0.003,5,1
460,8,0.002,5,1
460,9,0.175,4,1
460,10,0.005,4,1
460,11,0.18,6,1
460,12,0.004,5,1
460,13,0.622,4,1
460,14,0.009,4,1
460,15,0.63,6,1
460,16,0.005,4,1
460,18,0.019,4,1
460,20,0.081,6,1
460,21,0.047,6,1
460,23,0.072,6,1
460,24,0.449,6,1
460,25,0.018,5,1
460,26,0.008,4,1
460,27,0.004,4,1
460,28,0.013,5,1
460,29,0.014,6,1
460,31,0.002,5,1
460,32,0.045,4,1
460,33,0.001,4,1
460,34,0.047,6,1
460,35,0.001,5,1
460,36,0.047,6,1
460,37,0.034,5,1
460,38,329.5,12,2
460,39,0.001521,6,1
461,2,20.415,6,2
461,3,0,6,2
461,4,3.7199999999999998,6,2
461,5,0,6,2
461,7,0,2,1
461,8,0,2,1
461,11,0.1655,6,2
461,12,0,2,1
461,15,0.643,6,2
461,20,0.045,6,2
461,21,0.037000000000000005,6,2
461,23,0.054000000000000006,6,2
461,24,0.177,6,2
461,25,0,2,1
461,28,0,2,1
461,29,0.03,6,2
461,30,0,2,1
461,31,0,2,1
461,34,0.245,6,2
461,35,0,2,1
461,36,0.0645,6,2
461,37,0.02,2,1
461,38,305.5,12,4
461,39,0.001181,4,1
462,2,21.816666666666666,6,3
462,3,0,6,3
462,4,6.390000000000001,6,3
462,5,0,6,3
462,7,0,1,1
462,8,0,1,1
462,11,0.37366666666666665,6,3
462,12,0.012,1,1
462,15,1.1856666666666666,6,3
462,20,0.21466666666666664,6,3
462,21,0.10699999999999998,6,3
462,23,0.10666666666666665,6,3
462,24,0.446,6,3
462,25,0.022,1,1
462,28,0,1,1
462,29,0.09833333333333334,6,3
462,30,0.022,1,1
462,31,0,1,1
462,34,0.36466666666666664,6,3
462,35,0,1,1
462,36,0.20500000000000002,4,2
462,37,0.036,1,1
462,38,385.5,12,6
462,39,0.0012605,5,2
463,2,21.625,11,2
463,3,0,11,2
463,4,6.445,11,2
463,5,0,11,2
463,7,0.005,10,2
463,8,0,10,2
463,9,0.223,3,1
463,10,0.009,4,1
463,11,0.21550000000000002,11,2
463,12,0.022000000000000002,10,2
463,13,1.104,4,1
463,14,0.011,4,1
463,15,0.9975,11,2
463,16,0.01,4,1
463,18,0.008,4,1
463,20,0.27949999999999997,11,2
463,21,0.0905,11,2
463,23,0.07,11,2
463,24,0.5405,11,2
463,25,0.0245,9,2
463,26,0.015,4,1
463,27,0.01,4,1
463,28,0.0125,10,2
463,29,0.054,11,2
463,30,0.01,5,1
463,31,0,10,2
463,32,0,4,1
463,33,0,4,1
463,34,0.225,11,2
463,35,0.0025,10,2
463,36,0.1215,11,2
463,37,0.025,10,2
463,38,382.25,22,4
463,39,0.001261,7,1
464,2,20.09,10,2
464,3,0,10,2
464,4,11.08,10,2
464,5,0,7,2
464,7,0.01,2,1
464,8,0,2,1
464,11,0.7295,6,2
464,12,0.02,2,1
464,15,2.529,6,2
464,20,0.106,7,2
464,21,0.0795,6,2
464,23,0.119,5,2
464,24,0.552,6,2
464,25,0.02,2,1
464,28,0,2,1
464,29,0.11349999999999999,5,2
464,30,0.02,2,1
464,31,0,2,1
464,34,0.38349999999999995,6,2
464,35,0,2,1
464,36,0.2105,6,2
464,37,0.07,2,1
464,38,474.25,20,4
464,39,0.001331,4,1
465,2,20.130000000000003,4,2
465,3,0,4,2
465,4,9.879999999999999,4,2
465,5,0,4,2
465,7,0,1,1
465,8,0,1,1
465,11,0.521,4,2
465,12,0,1,1
465,15,2.033,4,2
465,20,0.536,4,2
465,21,0.23099999999999998,4,2
465,23,0.10200000000000001,4,2
465,24,0.244,4,2
465,25,0.062,1,1
465,28,0.018,1,1
465,29,0.1795,4,2
465,31,0.011,1,1
465,34,0.1395,3,2
465,36,0.33999999999999997,3,2
465,38,453.75,8,4
465,39,0.0018365,4,2
466,2,0.85,1,1
466,3,10.05,1,1
466,4,0.33,1,1
466,5,1.9,1,1
466,38,121,2,2
467,1,2.0575,1,0
467,2,3.3,5,1
467,3,18.6,4,1
467,4,0.2,3,1
467,5,3.3,3,1
467,11,0,1,0
467,15,0.003,1,0
467,20,0.064,1,0
467,21,0.011,1,0
467,23,0,1,0
467,24,0,1,0
467,29,0,1,0
467,34,0,1,0
467,36,0,1,0
467,38,212.5,6,2
467,39,0.0009,3,1
468,1,2.55,1,0
468,2,0.44,2,1
468,3,19.96,2,1
468,4,1.1,1,1
468,5,5.3,1,1
468,11,0,1,1
468,15,0.521,1,1
468,20,0.011,1,1
468,21,0,1,1
468,23,0,1,1
468,24,0,1,1
468,29,0,1,1
468,34,0,1,1
468,36,0,1,1
468,38,215,2,2
468,39,0.0005,1,1
469,2,1.45,1,1
469,3,32.1,1,1
469,4,0.46,1,1
469,5,5.4,1,1
469,7,0.004,1,1
469,8,0,1,1
469,9,0.004,1,1
469,10,0,1,1
469,11,0.004,1,1
469,12,0,1,1
469,13,0.095,1,1
469,14,0,1,1
469,15,0.095,1,1
469,16,0,1,1
469,18,0,1,1
469,20,0.011,1,1
469,21,0.082,1,1
469,23,0,1,1
469,24,0,1,1
469,25,0,1,1
469,26,0,1,1
469,27,0,1,1
469,28,0,1,1
469,29,0.004,1,1
469,31,0,1,1
469,32,0,1,1
469,33,0,1,1
469,34,0,1,1
469,35,0,1,1
469,36,0,1,1
469,37,0,1,1
469,38,322,2,2
469,39,0.001121,1,1
470,2,21.439999999999998,2,0
470,3,0,2,0
470,4,6.3100000000000005,2,0
470,5,0,2,0
470,11,0.3,2,0
470,15,1.1105,2,0
470,20,0.10250000000000001,2,0
470,21,0.07500000000000001,2,0
470,23,0,1,0
470,24,0.0975,2,0
470,29,0.1625,2,0
470,34,0.060000000000000005,2,0
470,36,0.098,2,0
470,38,385,4,0
470,39,0.001401,2,0
471,2,20.86,1,0
471,3,0.54,1,0
471,4,10.45,1,0
471,5,0.1,1,0
471,11,0.633,1,0
471,15,1.85,1,0
471,20,0.123,1,0
471,21,0.235,1,0
471,23,0,1,0
471,24,0.71,1,0
471,29,0.297,1,0
471,34,1.624,1,0
471,36,0.061,1,0
471,38,479.5,2,0
471,39,0.001881,1,0
472,2,15.4025,4,0
472,3,11.3625,4,0
472,4,6.435,4,0
472,5,0,2,0
472,7,0.001,2,0
472,8,0,2,0
472,9,0.006,1,0
472,10,0.003,1,0
472,11,0.06425,4,0
472,12,0.001,2,0
472,13,0.03,1,0
472,14,0.001,1,0
472,15,3.26425,4,0
472,16,0,1,0
472,18,0.001,1,0
472,20,0.6872499999999999,4,0
472,21,0.07500000000000001,4,0
472,23,0.006999999999999999,3,0
472,24,0.006666666666666665,3,0
472,25,0.0015,2,0
472,26,0,1,0
472,27,0.002,1,0
472,28,0.0025,2,0
472,29,0.013666666666666667,3,0
472,31,0.001,2,0
472,32,0.001,1,0
472,33,0,1,0
472,34,0.001,2,0
472,35,0.0005,2,0
472,36,0.008,3,0
472,37,0.001,2,0
472,38,430.25,8,0
472,39,0.0021813333333333333,3,0
473,2,18.88,2,1
473,3,0,2,1
473,4,2.73,2,1
473,5,0,2,1
473,11,0,1,1
473,15,0,1,1
473,20,0,1,1
473,21,0,1,1
473,23,0,1,1
473,24,0,1,1
473,29,0,1,1
473,34,0,1,1
473,36,0,1,1
473,38,272,4,2
473,39,0.001211,2,1
474,2,13,1,0
474,3,0,1,0
474,4,0.4,1,0
474,38,144.5,2,0
475,2,17.808333333333334,6,0
475,3,1.325,6,0
475,4,20.088333333333335,6,0
475,38,667,12,0
476,2,25.165,6,2
476,3,0,6,2
476,4,5.285,6,2
476,5,0,3,1
476,7,0.42,2,0
476,8,0.0685,2,0
476,11,11.391499999999999,2,0
476,12,0.1435,2,0
476,15,13.4035,2,0
476,20,0.36433333333333334,3,0
476,21,0.33499999999999996,3,0
476,23,0.6335000000000001,2,0
476,24,3.2735000000000003,2,0
476,25,0.145,2,0
476,28,0.10149999999999999,2,0
476,29,0.7115,2,0
476,30,0.185,2,0
476,31,0,2,0
476,34,0.38,2,0
476,35,0.095,2,0
476,36,2.8815000000000004,2,0
476,37,0.04,2,0
476,38,384,12,4
477,2,23.5,2,0
477,3,1.45,2,0
477,4,3.25,2,0
477,20,0.034999999999999996,2,0
477,21,0.030000000000000002,2,0
477,38,334.5,4,0
478,2,19.1,2,0
478,3,0,2,0
478,4,4.12,2,0
478,5,0,2,0
478,11,0.41300000000000003,2,0
478,15,0.536,2,0
478,20,0.0785,2,0
478,21,0.0045000000000000005,2,0
478,23,0.009000000000000001,2,0
478,24,0.057,2,0
478,29,0.22,2,0
478,34,0,1,0
478,36,0.0865,2,0
478,38,307,4,0
478,39,0.001441,2,0
479,2,1.28,3,1
479,3,6.73,3,1
479,4,0.04,3,1
479,38,70,6,2
479,39,0.00038,3,1
480,2,16.93,2,1
480,3,0,2,1
480,4,13.77,2,1
480,5,0,2,1
480,11,0.953,1,1
480,15,2.323,1,1
480,20,0.199,1,1
480,21,0.158,1,1
480,23,0.328,1,1
480,24,1.105,1,1
480,29,0.092,1,1
480,34,1.287,1,1
480,36,0.084,1,1
480,38,510.5,4,2
480,39,0.001321,2,1
481,2,19.8,2,0
481,3,3.195,2,0
481,4,9.165,2,0
481,5,0,2,0
481,11,0.238,2,0
481,15,3.0975,2,0
481,20,1.338,2,0
481,21,0.109,2,0
481,23,0.028,2,0
481,24,0.2415,2,0
481,29,0.1,2,0
481,34,0.2815,2,0
481,36,0.099,2,0
481,38,464,4,0
481,39,0.0013210000000000001,2,0
482,2,22.25,1,1
482,3,0,1,1
482,4,2.84,1,1
482,5,0,1,1
482,7,0,1,1
482,8,0,1,1
482,11,0.26,1,1
482,12,0,1,1
482,15,0.54,1,1
482,20,0.03,1,1
482,21,0.04,1,1
482,23,0.01,1,1
482,24,0.19,1,1
482,25,0,1,1
482,28,0,1,1
482,29,0.05,1,1
482,30,0,1,1
482,31,0,1,1
482,34,0.08,1,1
482,35,0,1,1
482,36,0.08,1,1
482,37,0.01,1,1
482,38,297,2,2
483,1,20.066666666666666,9,0
483,2,16.888888888888886,9,0
483,3,0,18,0
483,4,6.096296296296296,27,0
483,5,0,18,0
483,38,1.0296666666666665,9,0
483,39,0.030417293515358348,293,0
484,2,20.21,2,1
484,3,0,2,1
484,4,2.41,2,1
484,5,0,2,1
484,11,0.201,2,1
484,15,0.458,2,1
484,20,0.044,2,1
484,21,0.006,1,1
484,23,0.027,1,1
484,24,0.069,1,1
484,29,0.106,2,1
484,36,0.074,2,1
484,38,280,4,2
484,39,0.001091,2,1
485,2,12.14,1,0
485,3,58.26,1,0
485,4,4.6,1,0
485,11,0.035,1,0
485,15,0.836,1,0
485,20,0.572,1,0
485,21,1.451,1,0
485,24,0.352,1,0
485,34,0.264,1,0
485,38,824.5,2,0
485,39,0.018918,1,0
486,2,22,2,1
486,3,0,2,1
486,4,1.01,2,1
486,5,0,2,1
486,11,0.036,2,1
486,15,0.131,2,1
486,20,0.016,2,1
486,23,0.004,2,1
486,24,0.017,2,1
486,29,0.026,2,1
486,34,0.006,2,1
486,36,0.013,2,1
486,38,267,4,2
486,39,0.00131,2,1
487,2,23.405,2,0
487,3,0,2,0
487,4,1.53,2,0
487,5,0,2,0
487,11,0.054,2,0
487,15,0.14400000000000002,2,0
487,20,0.022,2,0
487,21,0.004,1,0
487,23,0.009,1,0
487,24,0.021,1,0
487,29,0.0465,2,0
487,34,0,1,0
487,36,0.0435,2,0
487,38,295.5,4,0
487,39,0.0013609999999999998,2,0
488,1,11.700000000000001,2,0
488,2,1,4,1
488,3,16.84,2,1
488,4,0.3,2,1
488,5,3.3,2,1
488,11,0.004,2,1
488,15,0.085,2,1
488,20,0.069,2,1
488,21,0,2,1
488,23,0,2,1
488,24,0,2,1
488,29,0,2,1
488,34,0,2,1
488,36,0,2,1
488,38,171,4,2
488,39,0.0007,2,1
489,2,14.57,2,1
489,3,70.19,2,1
489,4,2.43,2,1
489,5,10.7,2,1
489,7,0,1,1
489,8,0,1,1
489,11,0.003,1,1
489,12,0,1,1
489,15,0.423,1,1
489,20,1.193,1,1
489,21,0.065,1,1
489,24,0.019,1,1
489,25,0,1,1
489,28,0,1,1
489,29,0,1,1
489,31,0.008,1,1
489,38,876,4,2
489,39,0.0017809999999999998,2,1
490,2,5.92,2,1
490,3,2.42,2,1
490,4,0.39,2,1
490,5,3.6,1,0
490,11,0.017,2,1
490,15,0.018,2,1
490,20,0.064,2,1
490,21,0.042,2,1
490,23,0,1,0
490,24,0,1,0
490,29,0,1,0
490,34,0,1,0
490,36,0,1,0
490,38,67.5,4,2
490,39,0.006235999999999999,1,0
491,39,0.001226,2,0
493,1,1.8,1,1
493,2,1.7650000000000001,2,2
493,3,35.78,2,2
493,4,0.6,1,1
493,5,5.4,1,1
493,11,0.003,1,1
493,15,0.052,1,1
493,20,0.182,1,1
493,21,0.071,1,1
493,38,179,2,2
493,39,0.0008,1,1
494,2,16.14,3,1
494,3,0,3,1
494,4,4.04,3,1
494,5,0,3,1
494,11,0.408,3,1
494,15,1.433,3,1
494,20,0.068,3,1
494,21,0.1,3,1
494,23,0.128,3,1
494,24,0.054,3,1
494,29,0.062,3,1
494,34,0.023,3,1
494,36,0.045,3,1
494,38,272,6,2
494,39,0.00111,3,1
495,2,16.76,2,1
495,3,0,2,1
495,4,2.32,2,1
495,5,0,2,1
495,11,0.382,2,1
495,15,0.303,2,1
495,20,0.068,2,1
495,21,0.052,2,1
495,23,0.032,2,1
495,24,0.014,2,1
495,29,0.103,2,1
495,36,0.073,2,1
495,38,238.5,4,2
495,39,0.001461,2,1
496,1,16.325,2,2
496,2,3.5447499999999996,2,2
496,3,39.42,2,2
496,4,0.29,1,1
496,5,4.4,1,1
496,11,0,1,1
496,15,0.114,1,1
496,20,0.04,1,1
496,21,0,1,1
496,23,0,1,1
496,24,0,1,1
496,29,0,1,1
496,34,0,1,1
496,36,0,1,1
496,38,243.5,2,2
496,39,0.00078,1,1
497,2,19.4,2,1
497,3,0,2,1
497,4,0.7,2,1
497,5,0,2,1
497,11,0.042,2,1
497,15,0.07,2,1
497,20,0.015,2,1
497,21,0.01,2,1
497,24,0.005,2,1
497,29,0.079,2,1
497,36,0.033,2,1
497,38,230.5,4,2
497,39,0.00111,2,1
498,2,19.66,2,1
498,3,0,2,1
498,4,6.65,2,1
498,5,0,2,1
498,7,0.004,2,1
498,8,0.001,2,1
498,9,0.223,1,1
498,10,0.012,1,1
498,11,0.236,2,1
498,12,0.003,2,1
498,13,2.208,1,1
498,14,0.02,1,1
498,15,2.228,2,1
498,16,0.013,1,1
498,18,0.014,1,1
498,20,0.074,2,1
498,21,0.029,2,1
498,23,0.006,2,1
498,24,0.377,2,1
498,25,0.018,2,1
498,26,0.017,1,1
498,27,0.006,1,1
498,28,0.023,2,1
498,29,0.07,2,1
498,31,0.009,2,1
498,32,0.048,1,1
498,33,0,1,1
498,34,0.048,2,1
498,35,0.029,2,1
498,36,0.141,2,1
498,37,0.075,2,1
498,38,373,4,2
498,39,0.001441,2,1
499,1,3.25,2,2
499,2,5.809,15,6
499,3,21.84,15,6
499,4,0.5,13,4
499,5,3.9,7,2
499,11,0,4,2
499,15,0.04025,13,4
499,20,0.14425000000000002,13,4
499,21,0.0625,13,4
499,23,0,4,2
499,24,0,4,2
499,29,0,4,2
499,34,0,4,2
499,36,0,4,2
499,38,135.625,26,8
499,39,0.0013405000000000001,12,4
500,2,13.3,2,1
500,3,73.13,2,1
500,4,2.38,2,1
500,5,8,2,1
500,7,0,1,1
500,8,0,1,1
500,11,0.004,1,1
500,12,0,1,1
500,15,0.574,1,1
500,20,0.936,1,1
500,21,0.135,1,1
500,24,0.011,1,1
500,25,0,1,1
500,28,0,1,1
500,29,0,1,1
500,31,0.007,1,1
500,38,951.5,4,2
500,39,0.002372,2,1
501,2,17.5,2,1
501,3,0,2,1
501,4,2.31,2,1
501,5,0,2,1
501,11,0.134,2,1
501,15,0.388,2,1
501,20,0.037,2,1
501,21,0,1,1
501,23,0,1,1
501,24,0,1,1
501,29,0.066,2,1
501,34,0.049,2,1
501,36,0.066,2,1
501,38,249,4,2
501,39,0.001141,2,1
502,1,4.65,1,0
502,2,0.96,2,1
502,3,5.84,2,1
502,4,1.02,1,1
502,5,1.9,1,1
502,11,0.006,1,1
502,15,0.152,1,1
502,20,0.402,1,1
502,21,0.016,1,1
502,23,0,1,1
502,24,0,1,1
502,29,0,1,1
502,34,0,1,1
502,36,0,1,1
502,38,82.5,2,2
502,39,0.00055,1,1
503,1,11.816666666666668,3,0
503,2,1.2,5,1
503,3,4.35,5,1
503,4,0.2,3,1
503,5,1.1,3,1
503,15,0.037,3,1
503,20,0.087,3,1
503,38,52,6,2
503,39,0.0005766666666666666,3,3
504,1,10.9,5,1
504,2,13.239999999999998,22,5
504,3,0,27,6
504,4,4.779999999999999,26,5
504,5,0,27,6
504,11,1.313,5,0
504,15,5.725400000000001,5,0
504,20,1.3102,5,0
504,21,0.3332,5,0
504,23,0.5888,5,0
504,24,0.9795999999999999,5,0
504,29,0.22640000000000002,5,0
504,31,0,6,2
504,34,1.0587999999999997,5,0
504,36,0.1425,11,2
504,38,401.5806666666667,21,3
504,39,1.1,10,1
505,1,3.9,4,0
505,2,21.622,5,0
505,3,0.8455555555555556,9,0
505,4,0.6984615384615385,13,0
505,5,0.05555555555555555,9,0
505,11,0.084,1,0
505,15,0.409,1,0
505,20,0.27,1,0
505,21,0.017,1,0
505,23,0,1,0
505,24,0,1,0
505,29,0.017,1,0
505,34,0,1,0
505,36,0.004,1,0
505,38,100.50933333333332,6,0
505,39,0.057890933333333325,120,0
506,1,11.442857142857141,47,42
506,2,17.996759906759912,1001,429
506,3,0.19445859872611468,1048,471
506,4,9.163673036093423,1048,471
506,5,0,1034,468
506,7,0.05823841059602648,394,151
506,8,0.021584615384615386,164,65
506,9,0.3804920634920636,137,63
506,10,0.026696969696969698,77,33
506,11,0.43695302013422843,845,298
506,12,0.0756549295774648,340,142
506,13,3.60531343283582,302,134
506,14,0.5131259259259258,305,135
506,15,4.387458471760797,852,301
506,16,0.14428448275862074,265,116
506,18,0.03677142857142857,79,35
506,19,0.044666666666666674,37,18
506,20,0.42202657807308985,852,301
506,21,0.06939261744966439,845,298
506,23,0.000007434944237918216,758,269
506,24,0.017496478873239386,799,284
506,25,0.0012517006802721096,351,147
506,26,0.001,5,0
506,27,0.018515151515151526,77,33
506,28,0.009272727272727278,165,66
506,29,0.04786195286195283,843,297
506,30,0,1,0
506,31,0.00785526315789474,143,76
506,32,0.0012000000000000001,5,0
506,33,0,5,0
506,34,0.00017467248908296945,661,229
506,35,0.0065,6,0
506,36,0.005309963099630993,710,271
506,37,0.0006666666666666666,6,0
506,38,463.6605666666668,1814,690
506,39,0.12803598525073726,1094,339
507,2,19.14,2,1
507,3,0,2,1
507,4,1.22,2,1
507,5,0,2,1
507,11,0.098,2,1
507,15,0.196,2,1
507,20,0.026,2,1
507,21,0.014,2,1
507,23,0,1,1
507,24,0,1,1
507,29,0.058,2,1
507,34,0,1,1
507,36,0.038,2,1
507,38,241,4,2
507,39,0.00121,2,1
508,2,12.19,2,1
508,3,0,2,1
508,4,0.41,2,1
508,5,0,2,1
508,7,0.001,1,1
508,8,0.001,1,1
508,9,0.003,1,1
508,10,0.001,1,1
508,11,0.004,2,1
508,12,0.004,1,1
508,13,0.048,1,1
508,14,0.004,1,1
508,15,0.052,2,1
508,16,0,1,1
508,18,0.011,1,1
508,20,0.016,2,1
508,21,0.001,2,1
508,23,0.001,2,1
508,24,0.01,2,1
508,25,0.001,1,1
508,26,0.001,1,1
508,27,0.002,1,1
508,28,0.002,1,1
508,29,0.005,2,1
508,31,0,1,1
508,32,0.001,1,1
508,33,0,1,1
508,34,0.001,2,1
508,35,0,1,1
508,36,0.004,2,1
508,37,0.005,1,1
508,38,144.5,4,2
508,39,0.0014582500000000001,4,0
509,2,4.8,1,1
509,3,23.54,1,1
509,4,0.63,1,1
509,5,7.8,1,1
509,38,282.5,2,2
509,39,0.005485,2,2
510,1,2.614,1,0
510,2,0.4,4,1
510,3,3,4,1
510,4,0.2,3,1
510,5,2.9,3,1
510,11,0,1,0
510,15,0.037,3,1
510,20,0.087,3,1
510,21,0,1,0
510,23,0,1,0
510,24,0,1,0
510,29,0,1,0
510,34,0,1,0
510,36,0,1,0
510,38,33.5,6,2
510,39,0.0004966666666666666,3,3
511,2,23.84,2,1
511,3,7.76,2,1
511,4,0.4,2,1
511,5,0,2,1
511,11,0.005,2,1
511,15,0.006,2,1
511,20,0.004,2,1
511,21,0,1,1
511,23,0,1,1
511,24,0.008,2,1
511,29,0.009,2,1
511,34,0.009,2,1
511,36,0,1,1
511,38,355,4,2
513,2,14.8,2,0
513,3,2.55,2,0
513,4,4,2,0
513,38,273.25,4,0
514,1,3,1,1
514,2,15.633333333333333,9,3
514,3,0,10,4
514,4,1.475,10,4
514,5,0,9,4
514,7,0.005,2,0
514,8,0.01,2,0
514,11,0.5774,5,0
514,12,0,2,0
514,15,1.2942,5,0
514,20,0.22133333333333335,6,0
514,21,0.16849999999999998,6,0
514,23,0.0422,5,0
514,24,0.139,5,0
514,25,0.034,2,0
514,28,0.039,2,0
514,29,0.16060000000000002,5,0
514,30,0.0075,2,0
514,31,0,3,1
514,34,0.030200000000000005,5,0
514,35,0.028999999999999998,2,0
514,36,0,6,1
514,37,0.0125,2,0
514,38,240.24,14,2
514,39,1.4,4,1
515,1,0.6,1,1
515,2,13.166666666666666,5,3
515,3,0,6,4
515,4,0.15,6,4
515,5,0,6,4
515,11,0.1015,2,0
515,15,0.21950000000000003,2,0
515,20,0.02,2,0
515,21,0.0235,2,0
515,23,0.0205,2,0
515,24,0.028499999999999998,2,0
515,29,0.049,2,0
515,31,0,1,1
515,34,0.012,2,0
515,36,0,3,1
515,38,166.6665,6,2
515,39,1.2,3,1
516,2,14.73,2,1
516,3,74.9,2,1
516,4,1.08,2,1
516,5,6.2,2,1
516,11,0,2,1
516,15,0.159,2,1
516,20,0.377,2,1
516,21,0.3,2,1
516,23,0,2,1
516,24,0,2,1
516,29,0,2,1
516,34,0,2,1
516,36,0,2,1
516,38,925.5,4,2
516,39,0.0015309999999999998,2,1
517,2,6.1,2,1
517,3,20.7,2,1
517,4,1.6,2,1
517,38,315.5,4,2
518,1,4.5682833333333335,3,3
518,2,18.483414285714286,7,7
518,3,28.237471428571432,7,7
518,4,4.7975,4,4
518,11,0.055,1,1
518,15,1.6045,4,4
518,20,1.1429999999999998,4,4
518,21,0.083,4,4
518,24,0.303,1,1
518,34,0.0016666666666666668,3,3
518,38,440.625,8,8
518,39,0.0024065000000000002,2,2
519,1,0.4,2,2
519,2,2.166,7,5
519,3,36.830000000000005,8,6
519,4,0.094,7,5
519,5,2.46,7,5
519,11,0,3,1
519,15,0.006,3,1
519,20,0.064,3,1
519,21,0.012,3,1
519,23,0,3,1
519,24,0,3,1
519,29,0,3,1
519,31,0,1,1
519,34,0,3,1
519,36,0,4,2
519,38,270.6175,8,4
519,39,0.40041000000000004,4,2
520,1,10.510875,2,2
520,2,3.93575,4,2
520,3,26.75875,4,2
520,4,0.09,3,1
520,5,4.9,1,1
520,11,0,1,1
520,15,0.005,1,1
520,20,0.029,1,1
520,21,0.014,1,1
520,23,0,1,1
520,24,0,1,1
520,29,0,1,1
520,34,0,1,1
520,36,0,1,1
520,38,98.5,6,2
520,39,0.0003,1,1
521,1,3.2425,2,0
521,2,1.46,3,1
521,3,23.63,3,1
521,4,0.4,1,1
521,5,1.5,1,1
521,38,254.5,2,2
521,39,0.001451,1,1
522,2,24.4,2,1
522,3,0,2,1
522,4,0.49,2,1
522,5,0,2,1
522,7,0.001,2,1
522,8,0.001,2,1
522,9,0.011,1,1
522,10,0.001,1,1
522,11,0.011,2,1
522,12,0.002,2,1
522,13,0.08,1,1
522,14,0.003,1,1
522,15,0.083,2,1
522,16,0,1,1
522,18,0.013,1,1
522,20,0.019,2,1
522,21,0.002,2,1
522,23,0,2,1
522,24,0.008,2,1
522,25,0.001,2,1
522,26,0.001,1,1
522,27,0.001,1,1
522,28,0.003,2,1
522,29,0.015,2,1
522,31,0.001,2,1
522,32,0.001,1,1
522,33,0,1,1
522,34,0.001,2,1
522,35,0.002,2,1
522,36,0.004,2,1
522,37,0.008,2,1
522,38,281.5,4,2
522,39,0.001641,2,1
523,2,26.405,2,0
523,3,0,2,0
523,4,5.98,2,0
523,5,0,2,0
523,38,431.5,4,0
523,39,0.0012504999999999999,2,0
524,1,0.44999999999999996,3,2
524,2,13.833333333333334,9,6
524,3,0,12,8
524,4,0.15,12,8
524,5,0,12,8
524,31,0,3,2
524,36,0,3,2
524,38,171.6715,6,4
524,39,1.2,3,2
525,2,25.075000000000003,4,0
525,3,0,4,0
525,4,5.525,4,0
525,5,0,4,0
525,11,0.119,3,0
525,15,1.3983333333333332,3,0
525,20,0.8663333333333334,3,0
525,21,0.11533333333333333,3,0
525,23,0.03866666666666666,3,0
525,24,0.05933333333333333,3,0
525,29,0.03866666666666666,3,0
525,34,0.03333333333333333,3,0
525,36,0.013666666666666666,3,0
525,38,407,8,0
525,39,0.0016137500000000002,4,0
526,1,17.6,14,4
526,2,11.625,43,12
526,3,0.625,57,16
526,4,8.41875,57,16
526,5,0,57,16
526,11,8.309,1,0
526,15,20.653,1,0
526,20,0.935,1,0
526,21,0.935,1,0
526,23,0.935,1,0
526,24,10.422,1,0
526,29,0.935,1,0
526,31,0,14,4
526,34,7.328,1,0
526,36,0.11625,15,4
526,38,468.59312500000004,30,8
526,39,1.125,15,4
527,1,2.4,2,1
527,2,14.833333333333334,6,3
527,3,0,8,4
527,4,1.025,8,4
527,5,0,8,4
527,31,0,2,1
527,36,0.089,2,1
527,38,219.7195,4,2
527,39,1,2,1
529,2,15.9,1,0
529,3,0,1,0
529,4,10.6,1,0
529,38,412,2,0
530,2,56.19,1,0
530,3,0,1,0
530,4,17.9,1,0
530,5,0,1,0
530,7,0.03,1,0
530,8,0,1,0
530,11,2.06,1,0
530,12,0.09,1,0
530,15,3.65,1,0
530,20,0.19,1,0
530,21,0.1,1,0
530,23,0.13,1,0
530,24,0.78,1,0
530,25,0.02,1,0
530,28,0.007,1,0
530,29,0.15,1,0
530,30,0.01,1,0
530,31,0,1,0
530,34,0.25,1,0
530,35,0.007,1,0
530,36,0.14,1,0
530,37,0,1,0
530,38,1000,2,0
531,1,14.666666666666666,20,3
531,2,13.011111111111111,58,9
531,3,0,78,12
531,4,6.216666666666668,80,12
531,5,0,78,12
531,11,8.578,2,0
531,15,13.3535,2,0
531,20,1.5815,2,0
531,21,1.045,2,0
531,23,2.665,2,0
531,24,9.8055,2,0
531,29,1.0225,2,0
531,31,0,18,3
531,34,13.100999999999999,2,0
531,36,0.2743333333333334,20,3
531,38,425.2581666666667,42,6
531,39,1.3333333333333333,22,3
532,2,23.505000000000003,2,0
532,3,2.7750000000000004,2,0
532,4,1.725,2,0
532,5,0,2,0
532,11,0.0445,2,0
532,15,0.238,2,0
532,20,0.015,2,0
532,21,0.009000000000000001,2,0
532,23,0.0055,2,0
532,24,0.031,2,0
532,29,0.176,2,0
532,34,0,1,0
532,36,0.039,2,0
532,38,330.5,4,0
532,39,0.001586,2,0
533,2,18.5,2,1
533,3,0,2,1
533,4,1.18,2,1
533,5,0,2,1
533,11,0.05,2,1
533,15,0.184,2,1
533,20,0.006,2,1
533,21,0.002,2,1
533,23,0.001,2,1
533,24,0.022,2,1
533,29,0.033,2,1
533,36,0.008,2,1
533,38,233.5,4,2
533,39,0.002562,1,0
534,2,13.235,11,2
534,3,39.43,11,2
534,4,0.8049999999999999,11,2
534,5,7.8,11,2
534,11,0.0025,11,2
534,15,0.0535,11,2
534,20,0.21500000000000002,11,2
534,21,0.131,11,2
534,23,0,5,1
534,24,0.001,8,1
534,29,0,5,1
534,34,0.0115,10,2
534,36,0,5,1
534,38,552,22,4
534,39,0.001623,5,5
535,2,22.080000000000002,9,3
535,3,0,9,3
535,4,4.07,9,3
535,5,0,8,2
535,7,0.016,6,1
535,8,0,6,1
535,11,0.0685,8,2
535,12,0.024,6,1
535,15,0.9135,8,2
535,20,0.23833333333333337,9,3
535,21,0.07466666666666666,9,3
535,23,0,7,2
535,24,0,8,2
535,25,0,6,1
535,28,0,6,1
535,29,0.082,8,2
535,31,0.003,6,1
535,34,0,7,2
535,36,0,7,2
535,38,339.5,18,6
535,39,0.0010205000000000001,7,2
536,1,74.45,1,0
536,2,7.91,4,1
536,3,13.82,4,1
536,4,75.77,3,1
536,5,8.6,3,1
536,6,0,3,1
536,7,0,3,1
536,11,12.981,3,1
536,15,43.755,3,1
536,20,1.296,3,1
536,21,0.206,3,1
536,23,0,3,1
536,24,1.89,3,1
536,25,0,3,1
536,28,0,3,1
536,29,0,3,1
536,31,0.616,3,1
536,34,0.233,3,1
536,36,0,3,1
536,37,0.018,3,1
536,38,1861,6,2
536,39,0.001141,3,1
537,2,21.558333333333334,6,0
537,3,0,6,0
537,4,2.513333333333333,6,0
537,5,0,6,0
537,11,0.2165,6,0
537,15,0.5156666666666667,6,0
537,20,0.04649999999999999,6,0
537,21,0.05600000000000001,5,0
537,23,0.035333333333333335,6,0
537,24,0.037,5,0
537,29,0.0896,5,0
537,34,0,2,0
537,36,0.0715,6,0
537,38,297.75,12,0
537,39,0.0014675,6,0
538,1,1.3,1,1
538,2,13.033333333333333,6,3
538,3,0,7,4
538,4,0.6000000000000001,7,4
538,5,0,7,4
538,11,0.856,3,0
538,15,2.4183333333333334,3,0
538,20,0.21133333333333335,3,0
538,21,0.09100000000000001,3,0
538,23,0.22766666666666668,3,0
538,24,0.592,3,0
538,29,0.14766666666666667,3,0
538,31,0,1,1
538,34,0.8833333333333333,3,0
538,36,0,4,1
538,38,178.178,8,2
538,39,1.3,4,1
540,1,4,1,1
540,2,17.4475,5,4
540,3,0,6,5
540,4,2.0040000000000004,6,5
540,5,0,6,5
540,11,0.08,2,1
540,15,0.54,2,1
540,20,0.36,2,1
540,21,0.09,2,1
540,23,0,1,0
540,24,0,1,0
540,29,0,1,0
540,31,0,1,1
540,34,0,1,0
540,36,0.049,2,1
540,38,279.13125,6,4
540,39,0.5005605,3,2
541,2,20.6,2,1
541,3,0,2,1
541,4,2.31,2,1
541,5,0,2,1
541,11,0.04,2,1
541,15,0.94,2,1
541,20,0.1,2,1
541,21,0.02,2,1
541,23,0,1,0
541,24,0,1,0
541,29,0.06,2,1
541,34,0,1,0
541,36,0,1,0
541,38,282.5,4,2
541,39,0.001461,1,0
542,2,23.3,2,1
542,3,0,2,1
542,4,4.8,2,1
542,5,0,2,1
542,11,0.18,2,1
542,15,1.82,2,1
542,20,0.11,2,1
542,21,0.04,2,1
542,38,370.5,4,2
542,39,0.00092,2,1
544,2,13.506250000000001,8,0
544,3,12.38625,8,0
544,4,8.01375,8,0
544,5,0,4,0
544,7,0,2,0
544,8,0,2,0
544,9,0.012,1,0
544,10,0.008,1,0
544,11,0.03833333333333334,6,0
544,12,0.045,2,0
544,13,0.054,1,0
544,14,0.006,1,0
544,15,1.5231666666666666,6,0
544,16,0.014,1,0
544,18,0.001,1,0
544,20,0.8398333333333333,6,0
544,21,0.06066666666666667,6,0
544,23,0.02366666666666667,6,0
544,24,0.021333333333333333,6,0
544,25,0.0055,2,0
544,26,0,1,0
544,27,0.001,1,0
544,28,0.001,2,0
544,29,0.037500000000000006,6,0
544,31,0,2,0
544,32,0,1,0
544,33,0,1,0
544,34,0.0045000000000000005,6,0
544,35,0.006500000000000001,2,0
544,36,0.037000000000000005,6,0
544,37,0,2,0
544,38,465.1875,16,0
544,39,0.0022513999999999998,5,0
545,2,16.76,2,0
545,3,5.4350000000000005,2,0
545,4,4.43,2,0
545,5,0,2,0
545,11,0.0085,2,0
545,15,1.3604999999999998,2,0
545,20,0.735,2,0
545,21,0.052000000000000005,2,0
545,23,0.006500000000000001,2,0
545,24,0.0465,2,0
545,29,0.0095,2,0
545,34,0.0075,2,0
545,36,0.004,2,0
545,38,346,4,0
545,39,0.001501,2,0
546,1,1.1333333333333335,3,0
546,2,14.420526315789473,19,0
546,3,6.72409090909091,22,0
546,4,5.989090909090908,22,0
546,5,0.2863636363636364,22,0
546,7,0.0006666666666666666,9,0
546,8,0.0006666666666666666,9,0
546,9,0.027285714285714285,7,0
546,10,0.002142857142857143,7,0
546,11,0.03380000000000001,10,0
546,12,0.014333333333333333,9,0
546,13,4.064,7,0
546,14,0.631857142857143,7,0
546,15,3.6916,10,0
546,16,0.018571428571428572,7,0
546,18,0.10342857142857143,7,0
546,20,4.6019,10,0
546,21,0.5045,10,0
546,23,0.0015555555555555561,9,0
546,24,0.0684,10,0
546,25,0.010666666666666666,9,0
546,26,0.0014285714285714286,7,0
546,27,0.0017142857142857144,7,0
546,28,0.003888888888888889,9,0
546,29,0.026500000000000003,10,0
546,31,0.030666666666666665,12,0
546,32,0.002428571428571429,7,0
546,33,0,7,0
546,34,0.004500000000000001,10,0
546,35,0.006875,8,0
546,36,0.009076923076923078,13,0
546,37,0.004,8,0
546,38,504.15865384615375,26,0
546,39,0.5687871333333334,15,0
547,1,0.5,1,1
547,2,10.5,7,3
547,3,1.2,8,4
547,4,0.19999999999999998,8,4
547,5,0,8,4
547,11,0.03075,4,0
547,15,0.14700000000000002,4,0
547,20,0.0935,4,0
547,21,0.026749999999999996,4,0
547,23,0.00325,4,0
547,24,0.0085,4,0
547,29,0.053250000000000006,4,0
547,31,0,1,1
547,34,0.023333333333333334,3,0
547,36,0,4,1
547,38,143.6435,10,2
547,39,1.2,4,1
548,1,1.6,1,1
548,2,12.8775,5,4
548,3,0,6,5
548,4,0.966,6,5
548,5,0,6,5
548,7,0,2,1
548,8,0,2,1
548,9,0.088,1,1
548,10,0.002,1,1
548,11,0.09,2,1
548,12,0.027,2,1
548,13,0.35,1,1
548,14,0.007,1,1
548,15,0.358,2,1
548,16,0,1,1
548,18,0.001,1,1
548,20,0.045,2,1
548,21,0.017,2,1
548,23,0.012,2,1
548,24,0.06,2,1
548,25,0.005,2,1
548,26,0.005,1,1
548,27,0.002,1,1
548,28,0.007,2,1
548,29,0.015,2,1
548,31,0,3,2
548,32,0,1,1
548,33,0.001,1,1
548,34,0.001,2,1
548,35,0.001,2,1
548,36,0.014,3,2
548,37,0,2,1
548,38,182.84175,6,4
548,39,0.4009039999999999,3,3
549,1,11.943749999999996,81,64
549,2,15.081828358208957,600,268
549,3,0.10189759036144581,681,332
549,4,7.475572289156627,681,332
549,5,0,673,332
549,7,0.0009600000000000003,225,50
549,8,0,225,50
549,9,0.08366666666666667,3,0
549,10,0.0006666666666666666,3,0
549,11,0.36135526315789473,356,76
549,12,0.0004255319148936172,219,47
549,13,3.6261276595744674,187,47
549,14,0.060659574468085085,187,47
549,15,5.592749999999999,356,76
549,16,0.014600000000000004,25,0
549,18,0.017142857142857144,56,14
549,19,0.024545454545454554,124,33
549,20,1.5254473684210528,355,76
549,21,0.09706578947368423,355,76
549,22,0.0015384615384615385,52,13
549,23,0,310,64
549,24,0.08854666666666665,339,75
549,25,0.04742,225,50
549,26,0.0026666666666666666,3,0
549,27,0.006333333333333333,3,0
549,28,0.005740000000000003,225,50
549,29,0.09560526315789472,340,76
549,30,0,1,0
549,31,0.0009385964912280702,306,114
549,32,0,79,21
549,33,0.001,3,0
549,34,0,319,67
549,35,0.011,4,0
549,36,0.004250000000000001,401,132
549,37,0.00075,4,0
549,38,465.4792500000002,876,280
549,39,0.3261241291866028,411,209
550,2,18.833333333333332,5,3
550,3,1.1666666666666667,5,3
550,4,13.566666666666668,5,3
550,20,0.1,1,1
550,21,0.05,1,1
550,38,523.6666666666666,10,6
551,2,4.2,1,0
551,3,9.9,1,0
551,4,0.5,1,0
551,38,158,2,0
552,2,14.7,2,1
552,3,70.38,2,1
552,4,2.2,2,1
552,5,9.1,2,1
552,7,0,1,1
552,8,0,1,1
552,11,0.002,1,1
552,12,0,1,1
552,15,0.201,1,1
552,20,0.569,1,1
552,21,0.047,1,1
552,24,0.011,1,1
552,25,0,1,1
552,28,0,1,1
552,29,0,1,1
552,31,0,1,1
552,38,874,4,2
553,1,1.6081999999999999,2,2
553,2,16.3806375,8,4
553,3,43.387975,8,4
553,4,0.855,6,2
553,5,11,3,1
553,11,0.001,3,1
553,15,0.0675,6,2
553,20,0.202,6,2
553,21,0.164,6,2
553,34,0.013,3,1
553,38,510.75,12,4
553,39,0.0023169999999999996,6,2
555,2,21.326666666666668,4,3
555,3,0,4,3
555,4,6.523333333333333,4,3
555,5,0,4,3
555,11,0.34,4,3
555,15,1.7366666666666666,4,3
555,20,1.2833333333333334,4,3
555,21,0.15333333333333335,4,3
555,23,0,2,1
555,24,0.006666666666666667,4,3
555,29,0.11333333333333334,4,3
555,34,0,4,3
555,36,0.023333333333333334,4,3
555,38,388,8,6
555,39,0.0011639999999999999,4,3
556,2,1.045,2,0
556,3,17.25,2,0
556,4,0.19,2,0
556,5,3.95,2,0
556,11,0,2,0
556,15,0.017,2,0
556,20,0.07150000000000001,2,0
556,21,0.036500000000000005,2,0
556,23,0,2,0
556,24,0.0015,2,0
556,29,0,2,0
556,34,0,2,0
556,36,0,2,0
556,38,178.75,4,0
556,39,0.00043000000000000004,2,0
557,2,0.7,3,1
557,3,10.54,3,1
557,4,0.2,3,1
557,5,2.8,3,1
557,11,0.003,3,1
557,15,0.016,3,1
557,20,0.036,3,1
557,21,0.019,3,1
557,23,0,3,1
557,24,0,3,1
557,29,0,3,1
557,34,0,3,1
557,36,0,3,1
557,38,78,6,2
557,39,0.0003,3,1
558,1,0.725,1,1
558,2,2.12125,2,2
558,3,12.92,1,1
558,4,0.6,1,1
558,5,6.4,1,1
558,7,0,1,1
558,8,0,1,1
558,9,0,1,1
558,10,0,1,1
558,11,0,1,1
558,12,0,1,1
558,13,0.081,1,1
558,14,0,1,1
558,15,0.081,1,1
558,16,0,1,1
558,18,0,1,1
558,20,0.153,1,1
558,21,0.041,1,1
558,23,0,1,1
558,24,0,1,1
558,25,0,1,1
558,26,0,1,1
558,27,0,1,1
558,28,0,1,1
558,29,0,1,1
558,31,0,1,1
558,32,0,1,1
558,33,0,1,1
558,34,0,1,1
558,35,0,1,1
558,36,0,1,1
558,37,0,1,1
558,38,142.5,2,2
558,39,0.00038,1,1
559,2,2.3,1,1
559,3,23.9,1,1
559,4,2,1,1
559,5,6.2,1,1
559,38,286.5,2,2
559,39,0.0004,1,1
560,2,0.48,2,1
560,3,6.75,2,1
560,4,0.04,2,1
560,38,65,4,2
560,39,0.00015,2,1
561,1,0.3,2,1
561,2,2.28625,19,8
561,3,3.1875,20,8
561,4,0.2175,20,8
561,5,0.95,20,8
561,7,0.0006666666666666666,7,3
561,8,0,7,3
561,9,0.004,4,2
561,10,0.002,4,2
561,11,0.002,9,3
561,12,0,7,3
561,13,0.011,4,2
561,14,0.002,4,2
561,15,0.005,11,3
561,16,0,4,2
561,18,0,4,2
561,20,0.10566666666666667,11,3
561,21,0,11,3
561,23,0,8,2
561,24,0,8,2
561,25,0,7,3
561,26,0,4,2
561,27,0,4,2
561,28,0,7,3
561,29,0,8,2
561,30,0,5,1
561,31,0.001,9,4
561,32,0,4,2
561,33,0,4,2
561,34,0,9,3
561,35,0,7,3
561,36,0,10,3
561,37,0,7,3
561,38,56.2103,28,10
561,39,0.140706,15,5
562,2,2.24,5,1
562,3,6.79,5,1
562,4,0.49,5,1
562,5,2.5,5,1
562,7,0,1,0
562,8,0,1,0
562,11,0.03225,4,0
562,12,0,1,0
562,15,0.05475,4,0
562,20,0.08500000000000002,4,0
562,21,0.00475,4,0
562,23,0,3,0
562,24,0,3,0
562,25,0,1,0
562,28,0,1,0
562,29,0,3,0
562,30,0,1,0
562,31,0,1,0
562,34,0.027,4,0
562,35,0,1,0
562,36,0,3,0
562,37,0,1,0
562,38,87.5,10,2
562,39,0.00073,5,1
563,2,5.81,1,1
563,3,5.11,1,1
563,4,0.28,1,1
563,5,0.3,1,1
563,11,0.008,1,1
563,15,0.008,1,1
563,20,0.004,1,1
563,21,0.001,1,1
563,23,0,1,1
563,24,0.009,1,1
563,29,0.009,1,1
563,34,0,1,1
563,36,0,1,1
563,38,90.5,2,2
563,39,0.0037730000000000003,1,1
564,2,3.03,1,1
564,3,9.14,1,1
564,4,0.64,1,1
564,5,0.5,1,1
564,11,0.019,1,1
564,15,0.02,1,1
564,20,0.01,1,1
564,21,0.002,1,1
564,23,0,1,1
564,24,0.02,1,1
564,29,0.021,1,1
564,34,0,1,1
564,36,0,1,1
564,38,116.5,2,2
564,39,0.0072699999999999996,1,1
565,2,2.66,1,1
565,3,7.81,1,1
565,4,0.29,1,1
565,5,2.7,1,1
565,6,0,1,1
565,7,0,1,1
565,8,0,1,1
565,11,0,1,1
565,12,0,1,1
565,15,0,1,1
565,20,0.06,1,1
565,21,0.03,1,1
565,23,0,1,1
565,24,0,1,1
565,25,0,1,1
565,28,0,1,1
565,29,0,1,1
565,30,0,1,1
565,31,0,1,1
565,34,0,1,1
565,35,0,1,1
565,36,0,1,1
565,37,0,1,1
565,38,95,2,2
565,39,0.00091,1,1
566,2,0.33,1,1
566,3,7.44,1,1
566,4,0.52,1,1
566,5,3.8,1,1
566,38,83,2,2
566,39,0.00252,1,1
567,1,1.5,1,1
567,2,5.555,2,2
567,3,4.829999999999999,3,3
567,4,0.35250000000000004,4,4
567,5,0.7666666666666666,3,3
567,7,0,1,1
567,8,0,1,1
567,11,0,1,1
567,12,0,1,1
567,15,0.031,1,1
567,20,0.123,1,1
567,21,0,1,1
567,23,0,1,1
567,24,0,1,1
567,25,0,1,1
567,28,0,1,1
567,29,0,1,1
567,30,0,1,1
567,31,0,1,1
567,34,0,1,1
567,35,0,1,1
567,36,0,1,1
567,37,0,1,1
567,38,57.419999999999995,3,3
567,39,0.9005055000000001,2,2
568,2,9.25,1,0
568,3,73.01,1,0
568,4,0.73,1,0
568,5,70.1,1,0
568,38,737,2,0
568,39,0.002212,1,0
569,2,1.94,1,1
569,3,6.97,1,1
569,4,0.19,1,1
569,5,2.7,1,1
569,6,0,1,1
569,7,0,1,1
569,8,0,1,1
569,11,0,1,1
569,12,0,1,1
569,15,0.03,1,1
569,20,0.09,1,1
569,21,0,1,1
569,23,0,1,1
569,24,0,1,1
569,25,0,1,1
569,28,0,1,1
569,29,0,1,1
569,30,0,1,1
569,31,0,1,1
569,34,0,1,1
569,35,0,1,1
569,36,0,1,1
569,37,0,1,1
569,38,80.5,2,2
569,39,0.00053,1,1
570,2,4.55,2,1
570,3,5.54,2,1
570,4,0.4,2,1
570,38,88.5,4,2
571,2,18.51,2,1
571,3,0,2,1
571,4,4.9,2,1
571,5,0,2,1
571,11,0.46,2,1
571,15,0.87,2,1
571,20,0.04,2,1
571,21,0.02,2,1
571,23,0.16,2,1
571,24,0,1,1
571,29,0.12,2,1
571,34,0,1,1
571,36,0.12,2,1
571,38,319,4,2
571,39,0.0010609999999999999,2,1
572,2,2.3,1,1
572,3,6.5,1,1
572,4,0.7,1,1
572,38,108,2,2
573,2,0.52,2,1
573,3,5.64,2,1
573,4,0.2,2,1
573,5,1.5,1,0
573,38,68.5,4,2
573,39,0.0001,1,0
574,2,0,2,0
574,3,0,2,0
574,4,100,2,0
574,5,0,2,0
574,11,10.482,1,0
574,15,14.527,1,0
574,20,2.154,1,0
574,21,1.49,1,0
574,23,2.739,1,0
574,24,1.332,1,0
574,29,1.169,1,0
574,34,0.352,1,0
574,36,4.915,1,0
574,38,2338,4,0
574,39,0,2,0
575,1,5.949999999999999,7,2
575,2,14.083333333333334,52,6
575,3,59,59,8
575,4,2.525,57,8
575,5,5,57,8
575,7,0,13,0
575,8,0,1,0
575,11,0.033400000000000006,25,0
575,12,0,1,0
575,15,0.9210000000000002,26,0
575,20,2.977038461538462,26,0
575,21,0.32438461538461516,26,0
575,23,0,23,0
575,24,0.0004347826086956522,23,0
575,25,0,1,0
575,28,0,1,0
575,29,0.0002173913043478261,23,0
575,30,0,1,0
575,31,0,22,2
575,34,0,23,0
575,35,0,1,0
575,36,0,32,2
575,37,0,1,0
575,38,775.02425,70,4
575,39,2.75,21,2
576,2,2.965,2,2
576,3,33.75,2,2
576,4,1.335,2,2
576,5,18.5,2,2
576,38,411.75,4,4
576,39,0.00093,1,1
577,2,0.52,3,1
577,3,16.23,3,1
577,4,0.15,3,1
577,5,6.6,3,1
577,38,177,6,2
578,2,1.18,1,0
578,3,5.14,1,0
578,4,0,1,0
578,5,4.5,1,0
578,38,65.5,2,0
578,39,0.001031,1,0
579,2,5.5,1,0
579,3,0,1,0
579,4,1.4,1,0
579,5,0,1,0
579,11,0.033,1,0
579,15,0.127,1,0
579,20,0.011,1,0
579,21,0.002,1,0
579,23,0.002,1,0
579,24,0.031,1,0
579,29,0.046,1,0
579,34,0.007,1,0
579,36,0.021,1,0
579,38,93.5,2,0
579,39,0.025125,1,0
580,1,13,1,0
580,2,9.633333333333333,3,0
580,3,10,4,0
580,4,5.825,4,0
580,5,0,4,0
580,31,0,1,0
580,36,0,1,0
580,38,439.9395,2,0
580,39,9.6,1,0
581,1,0.8,1,1
581,2,13.033333333333333,3,3
581,3,0,4,4
581,4,0.2,4,4
581,5,0,4,4
581,31,0,1,1
581,36,0,1,1
581,38,168.6685,2,2
581,39,1.2,1,1
582,1,4,1,1
582,2,12.033333333333331,3,3
582,3,0,4,4
582,4,1.9000000000000001,4,4
582,5,0,4,4
582,31,0,1,1
582,36,0,1,1
582,38,216.216,2,2
582,39,1.1,1,1
583,1,1.3,1,1
583,2,1.9474999999999998,4,4
583,3,4.732,5,5
583,4,0.366,5,5
583,5,2.7600000000000002,5,5
583,31,0,1,1
583,36,0,1,1
583,38,91.0415,4,4
583,39,0.7506305,2,2
584,1,9.85,2,0
584,2,7.933333333333334,6,0
584,3,3.25,8,0
584,4,3.1374999999999997,8,0
584,5,0,8,0
584,31,0,2,0
584,36,0.049,2,0
584,38,303.8035,4,0
584,39,6.2,2,0
585,1,2.7,2,1
585,2,14.766666666666666,6,3
585,3,0,8,4
585,4,0.675,8,4
585,5,0,8,4
585,31,0,2,1
585,36,0,2,1
585,38,224.224,4,2
585,39,1.2,2,1
586,1,1.2,1,0
586,2,2.8666666666666667,3,0
586,3,54.05,4,0
586,4,0.55,4,0
586,5,26.55,4,0
586,31,0,1,0
586,36,0,1,0
586,38,503.0025,2,0
586,39,3.6,1,0
587,1,1.8,3,1
587,2,16.5,9,3
587,3,1.1,12,4
587,4,0.75,12,4
587,5,0,12,4
587,31,0,3,1
587,36,0.021,3,1
587,38,237.7375,6,2
587,39,1.9,3,1
588,1,1,1,1
588,2,12.966666666666667,3,3
588,3,0,4,4
588,4,0.25,4,4
588,5,0,4,4
588,31,0,1,1
588,36,0,1,1
588,38,171.6715,2,2
588,39,1.3,1,1
589,1,8.9,1,1
589,2,13.766666666666667,3,3
589,3,0,4,4
589,4,2.225,4,4
589,5,0,4,4
589,31,0,1,1
589,36,0,1,1
589,38,327.327,2,2
589,39,1.3,1,1
590,1,13.325,7,4
590,2,12.308333333333332,15,12
590,3,0.875,22,16
590,4,6.26875,25,16
590,5,0,22,16
590,31,0,4,4
590,36,0,4,4
590,38,399.77437499999996,11,8
590,39,1.1,23,4
591,1,27.7,2,1
591,2,12.966666666666667,6,3
591,3,0,8,4
591,4,13.175,8,4
591,5,0,8,4
591,31,0,2,1
591,36,0.611,2,1
591,38,666.1655,4,2
591,39,1,2,1
592,1,0.3,1,0
592,2,16.4,4,1
592,3,0,5,1
592,4,0.3,5,1
592,5,0,5,1
592,11,0.009,1,1
592,15,0.044,1,1
592,20,0.02,1,1
592,21,0.01,1,1
592,23,0,1,1
592,24,0,1,1
592,29,0.031,1,1
592,31,0,1,0
592,34,0,1,1
592,36,0.007,2,1
592,38,189,4,2
592,39,0.00141,2,1
593,1,2.7,1,1
593,2,15.399999999999999,3,3
593,3,0,4,4
593,4,1.225,4,4
593,5,0,4,4
593,31,0,1,1
593,36,0.031,1,1
593,38,232.232,2,2
593,39,0.8,1,1
594,1,0.4,1,1
594,2,11.866666666666667,3,3
594,3,0,4,4
594,4,0.1,4,4
594,5,0,4,4
594,31,0,1,1
594,36,0,1,1
594,38,147.6475,2,2
594,39,1.3,1,1
595,1,3,1,1
595,2,15.566666666666668,3,3
595,3,0,4,4
595,4,1.45,4,4
595,5,0,4,4
595,31,0,1,1
595,36,0.162,1,1
595,38,239.239,2,2
595,39,1.2,1,1
596,1,7.8,1,1
596,2,13.766666666666667,3,3
596,3,0,4,4
596,4,1.95,4,4
596,5,0,4,4
596,31,0,1,1
596,36,0,1,1
596,38,306.8065,2,2
596,39,1.3,1,1
597,1,1.25,2,0
597,2,13.900000000000002,4,0
597,3,0,6,0
597,4,0.4714285714285714,7,0
597,5,0,6,0
597,31,0,1,0
597,36,0.033,1,0
597,38,114.56733333333334,3,0
597,39,1.5,2,0
598,1,1.3,3,1
598,2,14.100000000000001,9,3
598,3,0.8,12,4
598,4,0.575,12,4
598,5,0,12,4
598,31,0,3,1
598,36,0.015,3,1
598,38,197.6975,6,2
598,39,2.4,3,1
599,1,14.2,2,1
599,2,7.066666666666667,6,3
599,3,0,8,4
599,4,6.824999999999999,8,4
599,5,0,8,4
599,31,0,2,1
599,36,0.092,2,1
599,38,346.346,4,2
599,39,1.4,2,1
600,1,24.4,4,1
600,2,13.033333333333333,12,3
600,3,0,16,4
600,4,11.625,16,4
600,5,0,16,4
600,31,0,4,1
600,36,0.206,4,1
600,38,605.605,8,2
600,39,1.2,4,1
601,1,2.2,3,1
601,2,8.566666666666668,9,3
601,3,3.7,12,4
601,4,0.9,12,4
601,5,0,12,4
601,31,0,3,1
601,36,0.037,3,1
601,38,173.6735,6,2
601,39,1.6,3,1
602,1,1.5,1,1
602,2,14.199999999999998,3,3
602,3,0,4,4
602,4,0.375,4,4
602,5,0,4,4
602,31,0,1,1
602,36,0,1,1
602,38,195.195,2,2
602,39,2.7,1,1
603,1,1.3,1,1
603,2,14.100000000000001,3,3
603,3,0.8,4,4
603,4,0.575,4,4
603,5,0,4,4
603,31,0,1,1
603,36,0.015,1,1
603,38,197.6975,2,2
603,39,2.4,1,1
604,1,1,1,1
604,2,13.333333333333334,3,3
604,3,0,4,4
604,4,0.25,4,4
604,5,0,4,4
604,31,0,1,1
604,36,0,1,1
604,38,176.176,2,2
604,39,1.4,1,1
605,1,100,2,0
605,2,0,14,0
605,3,0,16,0
605,4,74.35,16,0
605,5,0,16,0
605,11,0.0375,8,0
605,13,4.78,6,0
605,14,1.4325,6,0
605,15,10.659374999999999,8,0
605,20,1.85225,8,0
605,21,0.025,8,0
605,22,0,6,0
605,23,0,8,0
605,24,0.0125,8,0
605,29,0,8,0
605,31,0,2,0
605,34,0,8,0
605,36,0,10,0
605,38,2196.72,20,0
605,39,0.000006,10,0
606,2,4.5,2,2
606,3,4.2,2,2
606,4,1.5,1,1
606,5,0,2,2
606,31,0,1,1
606,36,0.02,1,1
606,38,260,1,1
608,1,0.3,1,1
608,2,0.5,3,3
608,3,20.05,4,4
608,4,0.15000000000000002,4,4
608,5,2.95,4,4
608,31,0,1,1
608,36,0,1,1
608,38,180.6805,2,2
608,39,0.5,1,1
609,1,0.7,1,1
609,2,13.833333333333334,3,3
609,3,0.5,4,4
609,4,0.35,4,4
609,5,0,4,4
609,31,0,1,1
609,36,0,1,1
609,38,180.6805,2,2
609,39,1.2,1,1
610,1,1.5,3,1
610,2,13.1,9,3
610,3,0,12,4
610,4,0.675,12,4
610,5,0,12,4
610,31,0,3,1
610,36,0,3,1
610,38,182.6825,6,2
610,39,1.2,3,1
611,1,2,1,1
611,2,16.933333333333334,3,3
611,3,0,4,4
611,4,0.8999999999999999,4,4
611,5,0,4,4
611,31,0,1,1
611,36,0,1,1
611,38,237.237,2,2
611,39,1.4,1,1
612,1,0.9,1,1
612,2,13.966666666666667,3,3
612,3,0,4,4
612,4,0.4,4,4
612,5,0,4,4
612,31,0,1,1
612,36,0.006,1,1
612,38,181.6815,2,2
612,39,1,1,1
613,1,0.2,1,1
613,2,2.3666666666666667,3,3
613,3,16.950000000000003,4,4
613,4,0.05,4,4
613,5,1.65,4,4
613,31,0,1,1
613,36,0,1,1
613,38,175.175,2,2
613,39,0.9,1,1
614,1,2.6,1,1
614,2,16.833333333333332,3,3
614,3,0,4,4
614,4,0.65,4,4
614,5,0,3,3
614,38,247.247,2,2
614,39,1.2,1,1
615,2,1.3499999999999999,2,0
615,3,72.5,2,0
615,4,0.3,1,0
615,5,2.5,2,0
615,31,0,1,0
615,36,0,1,0
615,38,1280,1,0
616,1,0.6,1,0
616,2,5.7,3,0
616,3,52.35,4,0
616,4,0.225,4,0
616,5,2.65,4,0
616,31,0,1,0
616,36,0,1,0
616,38,522.522,2,0
616,39,24.5,1,0
617,1,1,1,1
617,2,12.675,4,4
617,3,2,5,5
617,4,0.48,5,5
617,5,0,5,5
617,11,0.048,1,1
617,15,0.211,1,1
617,20,0.017,1,1
617,21,0,1,1
617,23,0.015,1,1
617,24,0,1,1
617,29,0,1,1
617,31,0,1,1
617,34,0,1,1
617,36,0.0495,2,2
617,38,202.58575,4,4
617,39,0.650655,2,2
618,2,10.85,2,2
618,3,0,2,2
618,4,1.1,1,1
618,5,0,2,2
618,31,0,1,1
618,36,0.032,1,1
618,38,359,1,1
619,1,4.8,1,1
619,2,11.533333333333333,4,3
619,3,0,5,4
619,4,2.3,5,4
619,5,0,5,4
619,7,0.001,1,0
619,8,0,1,0
619,9,0.081,1,0
619,10,0.003,1,0
619,11,0.084,1,0
619,12,0,1,0
619,13,4.267,1,0
619,14,0.087,1,0
619,15,4.354,1,0
619,16,0.028,1,0
619,18,0.102,1,0
619,20,6.662,1,0
619,21,0.692,1,0
619,23,0.003,1,0
619,24,0.129,1,0
619,25,0.033,1,0
619,26,0.003,1,0
619,27,0.046,1,0
619,28,0.049,1,0
619,29,0.061,1,0
619,31,0,2,1
619,32,0.006,1,0
619,33,0,1,0
619,34,0.006,1,0
619,35,0.016,1,0
619,36,0.075,2,1
619,37,0.004,1,0
619,38,225.225,4,2
619,39,1,2,1
620,1,100,1,0
620,2,0,3,0
620,3,0,4,0
620,4,48.9,4,0
620,5,0,4,0
620,31,0,1,0
620,36,0,1,0
620,38,1851.85,2,0
620,39,0,1,0
621,1,1.1,4,1
621,2,19.8,17,3
621,3,0,21,4
621,4,0.275,21,4
621,5,0,21,4
621,11,0.0526,5,0
621,15,1.7384,5,0
621,20,1.8212,5,0
621,21,0.09640000000000001,5,0
621,23,0.008666666666666666,3,0
621,24,0.018,5,0
621,29,0.02266666666666667,3,0
621,31,0,4,1
621,34,0.019333333333333334,3,0
621,36,0,7,1
621,38,254.254,18,2
621,39,1.3,9,1
622,1,100,1,0
622,2,2.8333333333333335,6,0
622,3,3.8285714285714283,7,0
622,4,59.91666666666668,6,0
622,5,0.7999999999999999,7,0
622,11,0.1,1,0
622,15,22.2,1,0
622,20,52.9,1,0
622,21,10.4,1,0
622,23,0,1,0
622,24,0.4,1,0
622,29,0,1,0
622,31,0,2,0
622,34,0,1,0
622,36,0,3,0
622,38,2226.7400000000002,5,0
622,39,0,2,0
623,1,2.4,1,1
623,2,16.933333333333334,3,3
623,3,0,4,4
623,4,1.125,4,4
623,5,0,4,4
623,31,0,1,1
623,36,0,1,1
623,38,244.244,2,2
623,39,1,1,1
624,1,15.65,2,0
624,2,20.833333333333332,3,0
624,3,0,5,0
624,4,5.785714285714286,7,0
624,5,0,5,0
624,11,0.677,1,0
624,15,4.632,1,0
624,20,2.324,1,0
624,21,0.096,1,0
624,23,0,1,0
624,24,0.1,1,0
624,29,0.113,1,0
624,34,0,1,0
624,36,0.044,1,0
624,38,276.20349999999996,4,0
624,39,0.6506299999999999,4,0
625,2,26.3,1,0
625,3,1.7,1,0
625,4,1.2,1,0
625,5,0,1,0
625,11,0.06,1,0
625,15,0.072,1,0
625,20,0.048,1,0
625,21,0,1,0
625,23,0,1,0
625,24,0.095,1,0
625,29,0.107,1,0
625,34,0.107,1,0
625,36,0,1,0
625,38,337,2,0
625,39,0.00141,1,0
626,1,0,10,0
626,2,0.1066666666666666,66,0
626,3,3.260263157894737,76,0
626,4,0,76,0
626,5,0,50,0
626,11,0,8,0
626,15,0,8,0
626,20,0,8,0
626,21,0,8,0
626,23,0,8,0
626,24,0,8,0
626,29,0,8,0
626,31,0,10,0
626,34,0,8,0
626,36,0,18,0
626,38,200.10557608695652,92,0
626,39,0.05473136363636362,44,0
630,1,2.7624999999999997,8,0
630,2,0.6607142857142856,28,0
630,3,34.07500000000001,36,0
630,4,1.4333333333333333,36,0
630,5,0,35,0
630,11,0.11333333333333334,3,0
630,15,0.98575,4,0
630,20,0.1725,4,0
630,21,0.08925,4,0
630,23,0,3,0
630,24,0.00025,4,0
630,29,0,3,0
630,31,0,7,0
630,34,0,3,0
630,36,0,10,0
630,38,716.3865833333331,24,0
630,39,0.3333841666666666,12,0
631,1,22.941666666666663,60,0
631,2,18.09,256,1
631,3,2.98,316,1
631,4,23.82,316,1
631,5,0,314,1
631,6,0.032,1,0
631,7,0.169,12,1
631,8,0.003,10,1
631,9,0.335,5,1
631,10,0.073,5,1
631,11,0.408,76,1
631,12,0.044,12,1
631,13,4.697,5,1
631,14,0.601,5,1
631,15,5.298,76,1
631,16,0.135,5,1
631,18,0.16,5,1
631,20,0.887,76,1
631,21,0.108,76,1
631,23,0.006,73,1
631,24,0.038,74,1
631,25,0.006,11,1
631,26,0.002,5,1
631,27,0.025,5,1
631,28,0.027,12,1
631,29,0.035,74,1
631,30,0,2,0
631,31,0.012,72,1
631,32,0.003,5,1
631,33,0,5,1
631,34,0.003,73,1
631,35,0.008,7,1
631,36,0.015,133,1
631,37,0.003,7,1
631,38,774.5,272,2
631,39,0.0036829999999999996,140,1
632,1,1.85,8,0
632,2,2.9259090909090912,44,0
632,3,4.829615384615385,52,0
632,4,1.226153846153846,52,0
632,5,0,52,0
632,6,0.001,4,0
632,7,0.007166666666666666,6,0
632,8,0.003,4,0
632,9,0.022,4,0
632,11,0.021150000000000006,20,0
632,12,0.0035,4,0
632,13,0.3215,4,0
632,14,0.0575,4,0
632,15,0.45059999999999995,20,0
632,17,0.005,4,0
632,20,0.0756,20,0
632,21,0.02025,20,0
632,23,0,16,0
632,24,0.00025,16,0
632,28,0.003,2,0
632,29,0,20,0
632,31,0.0003333333333333333,12,0
632,34,0,16,0
632,36,0,24,0
632,38,121.45825,56,0
632,39,0.21840785714285715,28,0
633,1,12.739999999999998,13,5
633,2,11.123214285714285,67,28
633,3,1.7539393939393937,80,33
633,4,8.913636363636364,80,33
633,5,0,78,33
633,6,0,1,0
633,7,0.009,10,4
633,8,0,8,2
633,9,0.198,1,1
633,10,0.003,1,1
633,11,0.414,28,13
633,12,0.010499999999999999,8,2
633,13,3.388,1,1
633,14,0.023,1,1
633,15,5.057076923076924,28,13
633,16,0.012,1,1
633,18,0.012,1,1
633,20,1.4549999999999998,28,13
633,21,0.09107692307692308,28,13
633,23,0.0045,22,10
633,24,0.029333333333333336,26,12
633,25,0.019999999999999997,8,2
633,26,0.001,1,1
633,27,0.022,1,1
633,28,0.0115,8,2
633,29,0.22538461538461532,28,13
633,31,0.004666666666666666,23,9
633,32,0,2,2
633,33,0,1,1
633,34,0.0007499999999999999,24,12
633,35,0.013,5,1
633,36,0.006666666666666667,35,15
633,37,0,5,1
633,38,451.04491666666667,82,36
633,39,0.45062699999999994,40,12
634,1,2.9200000000000004,10,0
634,2,2.960294117647059,68,0
634,3,19.237564102564107,78,0
634,4,1.290128205128205,78,0
634,5,0.2820512820512822,78,0
634,11,0.0200909090909091,22,0
634,15,0.22731818181818178,22,0
634,20,0.06386363636363637,22,0
634,21,0.01363636363636364,22,0
634,23,0,21,0
634,24,0,21,0
634,29,0,22,0
634,31,0,10,0
634,34,0,21,0
634,36,0,31,0
634,38,230.52140625,96,0
634,39,0.15678768000000004,50,0
638,2,4.845555555555555,9,0
638,3,16.317777777777778,9,0
638,4,2.1833333333333336,9,0
638,5,4.199999999999999,8,0
638,6,0,3,0
638,7,0,3,0
638,8,0,3,0
638,11,0.068,9,0
638,12,0.001,3,0
638,13,0.26066666666666666,3,0
638,14,0,3,0
638,15,0.7385555555555556,9,0
638,20,0.22322222222222227,9,0
638,21,0.06411111111111112,9,0
638,23,0,6,0
638,24,0.00788888888888889,9,0
638,25,0.0030000000000000005,3,0
638,28,0,3,0
638,29,0,6,0
638,31,0,3,0
638,34,0,6,0
638,36,0,6,0
638,38,255.88888888888889,18,0
638,39,0.001799875,8,0
639,2,0,3,0
639,3,0,3,0
639,4,0,2,0
639,5,0,3,0
639,11,0,1,0
639,15,0,1,0
639,20,0,1,0
639,21,0,1,0
639,23,0,1,0
639,24,0,1,0
639,29,0,1,0
639,31,0,1,0
639,34,0,1,0
639,36,0,2,0
639,38,722.3333333333334,3,0
639,39,0.00001,1,0
640,1,0,1,0
640,2,0.08727272727272727,11,0
640,3,16.314166666666665,12,0
640,4,0.03166666666666667,12,0
640,5,0.008333333333333333,12,0
640,11,0,7,0
640,15,0.0018571428571428573,7,0
640,20,0.010142857142857144,7,0
640,21,0.004285714285714286,7,0
640,23,0,5,0
640,24,0,5,0
640,29,0,5,0
640,31,0,1,0
640,34,0,5,0
640,36,0,6,0
640,38,457.89144444444446,18,0
640,39,0.00011285714285714287,7,0
641,1,12.370000000000001,10,0
641,2,3.639295774647888,71,0
641,3,25.633086419753077,81,0
641,4,5.302439024390245,82,0
641,5,0.5948051948051948,77,0
641,6,0,6,0
641,7,0.0170625,16,0
641,8,0,9,0
641,11,0.12541379310344827,29,0
641,12,0.008500000000000002,10,0
641,15,1.9634137931034485,29,0
641,20,0.37358620689655175,29,0
641,21,0.08589655172413792,29,0
641,23,0.00030000000000000003,20,0
641,24,0.0022222222222222222,27,0
641,25,0,9,0
641,28,0.0002,10,0
641,29,0.005551724137931036,29,0
641,31,0.0009523809523809523,21,0
641,34,0.00025,20,0
641,36,0,25,0
641,38,458.34119999999996,105,0
641,39,0.23263182978723398,47,0
642,2,0,3,0
642,3,0,3,0
642,4,0,2,0
642,5,0,3,0
642,11,0,1,0
642,15,0,1,0
642,20,0,1,0
642,21,0,1,0
642,23,0,1,0
642,24,0,1,0
642,29,0,1,0
642,31,0,1,0
642,34,0,1,0
642,36,0,2,0
642,38,820.6666666666666,3,0
643,2,0.1725,4,0
643,3,83.21000000000001,4,0
643,4,0,3,0
643,5,0.06666666666666667,3,0
643,7,0,1,0
643,8,0,1,0
643,11,0,2,0
643,12,0,1,0
643,14,0,1,0
643,15,0,2,0
643,19,0,1,0
643,20,0,2,0
643,21,0,2,0
643,23,0,1,0
643,24,0,2,0
643,25,0,1,0
643,28,0,1,0
643,29,0,2,0
643,31,0,2,0
643,34,0,1,0
643,36,0,2,0
643,38,959,5,0
644,1,2.6,4,0
644,2,2.5250000000000004,12,0
644,3,81.57500000000003,16,0
644,4,0.65,16,0
644,5,0,16,0
644,31,0,4,0
644,36,0,4,0
644,38,771.8961249999999,8,0
644,39,1.7,4,0
645,2,0.17166666666666666,6,0
645,3,3.2450000000000006,6,0
645,4,0,5,0
645,5,0,5,0
645,11,0,2,0
645,15,0,2,0
645,20,0,2,0
645,21,0,2,0
645,23,0,2,0
645,24,0,2,0
645,29,0,2,0
645,31,0,1,0
645,34,0,2,0
645,36,0,3,0
645,38,93.55555555555556,9,0
645,39,0.00018250000000000002,4,0
646,2,0,3,0
646,3,0,3,0
646,4,0,2,0
646,5,0,3,0
646,11,0,1,0
646,15,0,1,0
646,20,0,1,0
646,21,0,1,0
646,23,0,1,0
646,24,0,1,0
646,29,0,1,0
646,31,0,1,0
646,34,0,1,0
646,36,0,2,0
646,38,783,3,0
646,39,0.00001,1,0
647,2,0.05,2,0
647,3,11.1,2,0
647,4,0,1,0
647,5,0,2,0
647,31,0,1,0
647,36,0,1,0
647,38,640,1,0
648,1,0,2,0
648,2,0.03333333333333333,6,0
648,3,9.850000000000001,8,0
648,4,0,8,0
648,5,0,8,0
648,31,0,2,0
648,36,0,2,0
648,38,274.274,4,0
648,39,1.25,2,0
649,1,0,3,0
649,2,0.13333333333333333,9,0
649,3,3.7333333333333325,12,0
649,4,0,12,0
649,5,0,12,0
649,31,0,3,0
649,36,0,3,0
649,38,257.0901666666667,6,0
649,39,1.9000000000000001,3,0
650,2,0,2,0
650,3,10,2,0
650,4,0,1,0
650,5,0,1,0
650,38,692,1,0
651,2,4.476666666666667,3,0
651,3,68.19666666666666,3,0
651,4,16.985,2,0
651,5,1.8499999999999999,2,0
651,6,0,1,0
651,7,0,1,0
651,11,0,1,0
651,15,0,1,0
651,20,0,1,0
651,21,0,1,0
651,23,0,1,0
651,24,0,1,0
651,25,0,1,0
651,28,0,1,0
651,29,0,1,0
651,31,0,1,0
651,34,0,1,0
651,36,0,1,0
651,37,0,1,0
651,38,1453,3,0
651,39,0.00046,1,0
653,1,15.75,2,0
653,2,1.4666666666666668,6,0
653,3,75.25,8,0
653,4,6.05,8,0
653,5,0.2857142857142857,7,0
653,31,0,1,0
653,36,0,1,0
653,38,949.19825,4,0
653,39,0.75,2,0
654,2,4.849615384615387,52,0
654,3,61.21384615384614,52,0
654,4,11.874807692307694,52,0
654,5,1.4888888888888892,45,0
654,6,0,1,0
654,7,0.016999999999999998,5,0
654,8,0.00125,4,0
654,9,0.05466666666666667,3,0
654,10,0.004333333333333333,3,0
654,11,0.06197999999999999,50,0
654,12,0.0072499999999999995,4,0
654,13,5.611999999999999,3,0
654,14,1.3683333333333332,3,0
654,15,5.109279999999999,50,0
654,16,0.018333333333333337,3,0
654,18,0.17933333333333334,3,0
654,20,2.2865800000000003,50,0
654,21,0.1793,50,0
654,23,0,38,0
654,24,0.007044444444444444,45,0
654,25,0.003,5,0
654,26,0,3,0
654,27,0.0033333333333333335,3,0
654,28,0.0025,4,0
654,29,0.01037777777777778,45,0
654,31,0.038,5,0
654,32,0.002,3,0
654,33,0.0006666666666666666,3,0
654,34,0.00028888888888888893,45,0
654,35,0.0016666666666666668,3,0
654,36,0.00010256410256410257,39,0
654,37,0,4,0
654,38,946.9326923076923,104,0
654,39,0.0016907500000000002,24,0
655,1,6,3,0
655,2,11.439315068493155,73,0
655,3,28.438421052631575,76,0
655,4,10.370263157894739,76,0
655,5,2.194736842105263,76,0
655,6,0,5,0
655,7,0.048425925925925935,54,0
655,8,0,54,0
655,9,0.15960000000000005,35,0
655,10,0.021485714285714295,35,0
655,11,0.1782372881355932,59,0
655,12,0.016444444444444456,54,0
655,13,3.229428571428571,35,0
655,14,0.21217142857142857,35,0
655,15,3.5141186440677967,59,0
655,16,0.04314285714285715,35,0
655,18,0.06022857142857143,35,0
655,20,2.0527118644067794,59,0
655,21,0.22464406779661023,59,0
655,23,0.008822222222222224,45,0
655,24,0.04929310344827585,58,0
655,25,0.017115384615384626,52,0
655,26,0.003142857142857144,35,0
655,27,0.011885714285714291,35,0
655,28,0.009907407407407412,54,0
655,29,0.020344827586206912,58,0
655,31,0.01338596491228071,57,0
655,32,0.0068000000000000005,35,0
655,33,0,35,0
655,34,0.005644444444444444,45,0
655,35,0.008485714285714291,35,0
655,36,0.004312500000000003,48,0
655,37,0.0017142857142857153,35,0
655,38,696.6065074626864,134,0
655,39,0.08314169354838712,62,0
656,1,2.65,2,0
656,2,4.466666666666666,6,0
656,3,4.2,8,0
656,4,1.2999999999999998,8,0
656,5,0,8,0
656,31,0,2,0
656,36,0,2,0
656,38,137.38725000000002,4,0
656,39,1,2,0
657,1,27.633333333333336,3,0
657,2,7.651129032258063,62,0
657,3,68.55430769230769,65,0
657,4,12.985230769230768,65,0
657,5,4.298214285714286,56,0
657,6,0,1,0
657,7,0.0008461538461538462,13,0
657,8,0,10,0
657,9,0.0492,5,0
657,10,0,5,0
657,11,0.0677659574468085,47,0
657,12,0.0006666666666666666,12,0
657,13,6.316571428571429,7,0
657,14,0.08085714285714286,7,0
657,15,4.232541666666667,48,0
657,16,0.0118,5,0
657,18,0.06620000000000001,5,0
657,19,0.063,1,0
657,20,3.6685624999999997,48,0
657,21,0.29489583333333336,48,0
657,23,0,30,0
657,24,0.02952631578947369,38,0
657,25,0.002,10,0
657,26,0,5,0
657,27,0.0002,5,0
657,28,0.0005,12,0
657,29,0.001393939393939394,33,0
657,30,0,1,0
657,31,0.031187500000000003,16,0
657,32,0.0018000000000000002,5,0
657,33,0.0004,5,0
657,34,0.003,32,0
657,35,0.002166666666666667,6,0
657,36,0,33,0
657,37,0.0054285714285714284,7,0
657,38,1107.137455357143,112,0
657,39,0.20848635416666658,48,0
659,1,3.9599999999999995,5,0
659,2,7.75625,16,0
659,3,71.64761904761906,21,0
659,4,1.7047619047619047,21,0
659,5,6.614285714285715,21,0
659,11,0.012,1,0
659,15,0.146,1,0
659,20,0.479,1,0
659,21,0.079,1,0
659,23,0,1,0
659,24,0.006,1,0
659,29,0,1,0
659,31,0,5,0
659,34,0,1,0
659,36,0,6,0
659,38,796.6379166666666,12,0
659,39,1.6864200000000003,7,0
660,1,23.281818181818178,22,0
660,2,5.237976878612718,173,0
660,3,51.5671794871795,195,0
660,4,11.523846153846156,195,0
660,5,1.7156976744186039,172,0
660,6,0,11,0
660,7,0.007619047619047619,21,0
660,8,0,18,0
660,9,0.053,1,0
660,10,0.004,1,0
660,11,0.05356410256410255,78,0
660,12,0.006842105263157895,19,0
660,13,4.248363636363636,11,0
660,14,1.565,11,0
660,15,5.935430379746837,79,0
660,16,0.021,1,0
660,18,0.498,1,0
660,19,0.7013333333333334,3,0
660,20,2.634113924050632,79,0
660,21,0.23575000000000002,76,0
660,23,0.0004074074074074075,54,0
660,24,0.009239436619718313,71,0
660,25,0.00035294117647058826,17,0
660,26,0,1,0
660,27,0,1,0
660,28,0.00044444444444444447,18,0
660,29,0.009925373134328362,67,0
660,31,0.08022222222222221,36,0
660,32,0,1,0
660,33,0,1,0
660,34,0.001344262295081967,61,0
660,35,0.0025,2,0
660,36,0.000014705882352941177,68,0
660,37,0,10,0
660,38,911.3726007751936,258,0
660,39,0.3077047051282052,78,0
661,1,9.45,2,0
661,2,2.5166666666666666,6,0
661,3,80.75,8,0
661,4,2.3625,8,0
661,5,0,6,0
661,38,891.891,4,0
661,39,2.0999999999999996,2,0
662,1,0,2,0
662,2,0.275,8,0
662,3,88.87000000000002,10,0
662,4,0.06999999999999999,10,0
662,5,1.8,8,0
662,11,0.0005,2,0
662,15,0.08499999999999999,2,0
662,20,0.16849999999999998,2,0
662,21,0.0155,2,0
662,23,0,2,0
662,24,0.0005,2,0
662,29,0,2,0
662,34,0,2,0
662,36,0,2,0
662,38,779.497125,8,0
662,39,3.9004275000000006,4,0
663,1,26.1,2,0
663,2,5.783333333333334,6,0
663,3,53.449999999999996,8,0
663,4,9.650000000000002,8,0
663,5,1.4285714285714286,7,0
663,31,0,1,0
663,36,0,1,0
663,38,1005.0039999999999,4,0
663,39,1.2000000000000002,2,0
664,1,36.150000000000006,12,0
664,2,1.0390566037735849,106,0
664,3,12.799576271186439,118,0
664,4,22.260254237288137,118,0
664,5,0.29911504424778773,113,0
664,6,0.0005,2,0
664,7,0.0025238095238095237,21,0
664,8,0,5,0
664,9,0.04857142857142858,7,0
664,10,0,1,0
664,11,0.035180327868852466,61,0
664,12,0.005285714285714285,14,0
664,13,8.588428571428572,7,0
664,14,0.008285714285714285,7,0
664,15,6.692868852459015,61,0
664,16,0.0825,2,0
664,17,0.14816666666666667,6,0
664,18,0.102,1,0
664,20,12.06134426229508,61,0
664,21,1.5330327868852458,61,0
664,23,0.00008333333333333333,60,0
664,24,0.057016393442622944,61,0
664,25,0.0036000000000000003,10,0
664,26,0,1,0
664,27,0.02,1,0
664,28,0.004333333333333333,9,0
664,29,0.0020166666666666666,60,0
664,30,0,1,0
664,31,0.09364516129032255,31,0
664,32,0.034,1,0
664,33,0,1,0
664,34,0.01425,60,0
664,35,0,3,0
664,36,0,67,0
664,37,0.0035,12,0
664,38,754.7153414634145,164,0
664,39,0.4363292238805971,67,0
665,1,18.766666666666666,3,0
665,2,3.8687654320987663,81,0
665,3,23.00321428571428,84,0
665,4,6.174166666666666,84,0
665,5,1.2899999999999998,80,0
665,7,0.0006666666666666666,9,0
665,8,0,9,0
665,9,0.016,2,0
665,10,0,1,0
665,11,0.0795217391304348,69,0
665,12,0.0015555555555555557,9,0
665,13,2.2824999999999998,8,0
665,14,0.011625,8,0
665,15,1.6216956521739132,69,0
665,16,0.0045000000000000005,2,0
665,17,0.009,1,0
665,18,0.004,1,0
665,19,0.052666666666666674,6,0
665,20,1.3335217391304348,69,0
665,21,0.15079710144927536,69,0
665,23,0.0008113207547169812,53,0
665,24,0.016166666666666666,66,0
665,25,0.000625,8,0
665,26,0,1,0
665,27,0,1,0
665,28,0.0005555555555555556,9,0
665,29,0.0006666666666666668,60,0
665,31,0.024833333333333336,12,0
665,32,0,1,0
665,33,0,1,0
665,34,0.001339622641509434,53,0
665,35,0,1,0
665,36,0,56,0
665,37,0,1,0
665,38,431.18880666666666,150,0
665,39,0.0864611518518519,54,0
666,1,0,3,0
666,2,0,10,0
666,3,0,13,0
666,4,0,13,0
666,5,0,13,0
666,11,0,1,0
666,15,0,1,0
666,20,0,1,0
666,21,0,1,0
666,23,0,1,0
666,24,0,1,0
666,29,0,1,0
666,31,0,3,0
666,34,0,1,0
666,36,0,4,0
666,38,0,8,0
666,39,73.79997475,4,0
667,1,81.95,2,0
667,2,1.031818181818182,11,0
667,3,0.38307692307692304,13,0
667,4,51.709999999999994,13,0
667,5,0,13,0
667,9,0.961,2,0
667,11,1.2424,5,0
667,13,16.978,2,0
667,14,2.982,2,0
667,15,17.6122,5,0
667,16,0.267,2,0
667,17,0.296,2,0
667,20,1.9552,5,0
667,21,0.6828000000000001,5,0
667,23,0,5,0
667,24,0.04,5,0
667,29,0,5,0
667,31,0,2,0
667,34,0,5,0
667,36,0,7,0
667,38,1605.7929285714285,14,0
667,39,0.3408466,5,0
668,2,2,1,0
668,3,89,1,0
668,4,1,1,0
668,5,0,1,0
668,11,0.02,1,0
668,15,0.243,1,0
668,20,0.039,1,0
668,21,0.018,1,0
668,23,0,1,0
668,24,0,1,0
668,29,0,1,0
668,34,0,1,0
668,36,0,1,0
668,38,967,2,0
669,1,18.544444444444444,9,0
669,2,2.43225,40,0
669,3,4.735510204081632,49,0
669,4,10.544285714285715,49,0
669,5,0.0020408163265306124,49,0
669,7,0.142,1,0
669,8,0,1,0
669,11,0.3795454545454545,11,0
669,12,0.04,1,0
669,15,4.038636363636364,11,0
669,20,0.3738181818181818,11,0
669,21,0.20281818181818184,11,0
669,23,0,11,0
669,24,0.002818181818181818,11,0
669,25,0,1,0
669,28,0,1,0
669,29,0.0029090909090909093,11,0
669,31,0,10,0
669,34,0,11,0
669,36,0,20,0
669,38,427.79972727272724,44,0
669,39,0.2527785714285714,21,0
670,1,0,3,0
670,2,0.08249999999999999,16,0
670,3,98.26000000000002,19,0
670,4,0.011111111111111112,18,0
670,5,0,18,0
670,11,0,4,0
670,15,0.016,4,0
670,20,0.025,4,0
670,21,0,4,0
670,23,0,4,0
670,24,0,4,0
670,29,0,4,0
670,31,0,4,0
670,34,0,4,0
670,36,0,8,0
670,38,977.4128823529412,17,0
670,39,0.27518,8,0
671,1,17.3,17,1
671,2,12.680000000000001,190,7
671,3,2.15875,207,8
671,4,15.61375,207,8
671,5,0.175,206,8
671,7,0.0055,24,2
671,8,0,21,2
671,9,0.367,1,0
671,10,0.01,1,0
671,11,0.8430000000000001,131,4
671,12,0.00375,8,0
671,13,9.29625,8,0
671,14,0.41975000000000007,8,0
671,15,9.524,131,4
671,16,0.028,1,0
671,18,0.063,1,0
671,19,0.14242857142857143,7,0
671,20,2.746,132,4
671,21,0.21775,130,4
671,23,0,92,4
671,24,0.132,95,4
671,25,0.0965,22,2
671,26,0.003,1,0
671,27,0.015,1,0
671,28,0.0065,21,2
671,29,0.06525,94,4
671,31,0,39,3
671,32,0.03985714285714286,7,0
671,33,0,1,0
671,34,0,92,4
671,35,0.013,1,0
671,36,0,109,5
671,37,0.004,1,0
671,38,663.6904999999999,312,10
671,39,1.151131,114,2
672,1,9.5,2,0
672,2,6.333333333333333,6,0
672,3,5.949999999999999,8,0
672,4,2.375,8,0
672,5,0,8,0
672,31,0,2,0
672,36,0,2,0
672,38,301.30100000000004,4,0
672,39,3,2,0
673,1,4.75,2,0
673,2,3.4528571428571424,7,0
673,3,21.84777777777778,9,0
673,4,1.541111111111111,9,0
673,5,1.2222222222222223,9,0
673,7,0.004,1,0
673,11,0.009,1,0
673,15,0.336,1,0
673,20,0.174,1,0
673,21,0.1,1,0
673,23,0,1,0
673,24,0.103,1,0
673,25,0.006,1,0
673,28,0,1,0
673,29,0.001,1,0
673,31,0.0013333333333333333,3,0
673,34,0.239,1,0
673,36,0,3,0
673,37,0.016,1,0
673,38,346.36716666666666,6,0
673,39,2.467620666666667,3,0
674,1,21.7,1,0
674,2,11.21875,8,0
674,3,3.698888888888889,9,0
674,4,22.020000000000003,9,0
674,5,0.05,8,0
674,11,1.064,5,0
674,15,15.081999999999999,5,0
674,20,1.7600000000000002,5,0
674,21,0.10799999999999998,5,0
674,23,0,4,0
674,24,0.052000000000000005,5,0
674,29,0.12,5,0
674,31,0,1,0
674,34,0,5,0
674,36,0,6,0
674,38,853.7554166666667,12,0
674,39,0.4519678333333333,6,0
676,1,0,1,0
676,2,0.48230769230769227,13,0
676,3,80.49071428571428,14,0
676,4,0,13,0
676,5,0.05833333333333333,12,0
676,11,0,5,0
676,15,0,5,0
676,20,0,5,0
676,21,0,5,0
676,23,0,5,0
676,24,0,5,0
676,29,0,5,0
676,31,0,2,0
676,34,0,5,0
676,36,0,7,0
676,38,865.5105263157895,19,0
676,39,0.0005322727272727273,11,0
677,1,2.64,5,0
677,2,10.586666666666666,15,0
677,3,8.54,20,0
677,4,1.2750000000000001,20,0
677,5,0,20,0
677,31,0,5,0
677,36,0,5,0
677,38,246.64639999999994,10,0
677,39,21.78,5,0
679,1,9.5,3,0
679,2,6.797692307692308,13,0
679,3,38.110625,16,0
679,4,3.59125,16,0
679,5,0,16,0
679,11,0.0185,4,0
679,15,0.117,4,0
679,20,0.0135,4,0
679,21,0.00375,4,0
679,23,0,4,0
679,24,0,4,0
679,29,0,4,0
679,31,0,3,0
679,34,0,4,0
679,36,0,7,0
679,38,522.6045,14,0
679,39,1.16638,8,0
680,1,1.5,1,0
680,2,63.4,3,0
680,3,0.75,4,0
680,4,0.725,4,0
680,5,0.25,4,0
680,31,0,1,0
680,36,0,1,0
680,38,784.2835,2,0
680,39,4.5,1,0
681,1,0.16666666666666666,3,0
681,2,0.28615384615384615,13,0
681,3,60.46937500000001,16,0
681,4,0.05750000000000001,16,0
681,5,0.675,16,0
681,11,0.00025,4,0
681,15,0.0125,4,0
681,20,0.02425,4,0
681,21,0.0165,4,0
681,23,0,4,0
681,24,0.0045,4,0
681,29,0,4,0
681,31,0,3,0
681,34,0.0035,4,0
681,36,0,7,0
681,38,541.0811428571429,14,0
681,39,1.58004,5,0
682,1,0.85,4,0
682,2,11.32842105263158,19,0
682,3,27.431304347826085,23,0
682,4,0.6439130434782608,23,0
682,5,4.156521739130435,23,0
682,11,0.40671428571428575,7,0
682,15,0.35914285714285715,7,0
682,20,0.015857142857142858,7,0
682,21,0.0041428571428571434,7,0
682,23,0,7,0
682,24,0,7,0
682,29,0,7,0
682,31,0,4,0
682,34,0,7,0
682,36,0,11,0
682,38,353.6895,22,0
682,39,7.678811000000001,11,0
683,1,0.9,1,0
683,2,3.25,4,0
683,3,79.58000000000001,5,0
683,4,0.22000000000000003,5,0
683,5,0.07500000000000001,4,0
683,11,0.004,1,0
683,15,0.076,1,0
683,20,0.045,1,0
683,21,0.001,1,0
683,23,0,1,0
683,24,0,1,0
683,29,0.001,1,0
683,34,0,1,0
683,36,0,1,0
683,38,779.36675,4,0
683,39,0.05015,2,0
684,1,0.1,1,0
684,2,62.56666666666667,3,0
684,3,0,4,0
684,4,0.025,4,0
684,5,0,4,0
684,31,0,1,0
684,36,0,1,0
684,38,741.2405,2,0
684,39,1.3,1,0
685,1,0,2,0
685,2,0,24,0
685,3,0.4380769230769231,26,0
685,4,0,26,0
685,5,0,18,0
685,11,0,9,0
685,15,0,9,0
685,20,0,9,0
685,21,0,9,0
685,23,0,9,0
685,24,0,9,0
685,29,0,9,0
685,31,0,2,0
685,34,0,9,0
685,36,0,11,0
685,38,5.925,40,0
685,39,0.020038000000000004,5,0
686,1,99.9,1,0
686,2,7.566,10,0
686,3,7.286363636363637,11,0
686,4,20.434545454545454,11,0
686,5,0.21818181818181817,11,0
686,6,0,1,0
686,7,0,2,0
686,8,0,2,0
686,9,0.007,1,0
686,10,0,1,0
686,11,0.018500000000000003,4,0
686,12,0,2,0
686,13,1.6975,2,0
686,14,0.431,2,0
686,15,1.4003999999999999,5,0
686,16,0,1,0
686,18,0,1,0
686,20,2.1708,5,0
686,21,0.1646,5,0
686,23,0,4,0
686,24,0.0175,4,0
686,25,0,2,0
686,26,0,1,0
686,27,0,1,0
686,28,0,2,0
686,29,0.00825,4,0
686,31,2.4716666666666667,3,0
686,32,0.002,1,0
686,33,0,1,0
686,34,0.00425,4,0
686,35,0,1,0
686,36,0.0078,5,0
686,37,0,2,0
686,38,519.7935,16,0
686,39,0.0014060000000000001,6,0
687,1,3.4666666666666663,3,0
687,2,1.1330000000000002,10,0
687,3,6.89923076923077,13,0
687,4,1.8984615384615384,13,0
687,5,0,13,0
687,11,0.129,1,0
687,15,1.475,1,0
687,20,0.374,1,0
687,21,0.052,1,0
687,23,0,1,0
687,24,0.04,1,0
687,29,0.026,1,0
687,31,0,3,0
687,34,0,1,0
687,36,0,4,0
687,38,147.47725,8,0
687,39,0.35005,4,0
689,2,3.007407407407407,27,0
689,3,29.143333333333338,27,0
689,4,2.1677777777777774,27,0
689,5,1.2769230769230768,26,0
689,6,0,5,0
689,7,0,8,0
689,8,0,1,0
689,11,0.028423076923076926,26,0
689,12,0,1,0
689,15,0.5225,26,0
689,20,0.14885185185185185,27,0
689,21,0.038037037037037036,27,0
689,23,0,23,0
689,24,0.00008695652173913044,23,0
689,25,0,1,0
689,28,0,1,0
689,29,0.00017391304347826088,23,0
689,30,0,1,0
689,31,0,10,0
689,34,0,23,0
689,35,0,1,0
689,36,0,23,0
689,37,0,1,0
689,38,380.9259259259259,54,0
689,39,0.00059,4,0
690,1,25.9,1,0
690,2,4.030909090909093,330,0
690,3,20.822386706948635,331,0
690,4,5.209214501510574,331,0
690,5,0.9594855305466237,311,0
690,6,0,8,0
690,7,0.0031071428571428574,28,0
690,8,0.00030000000000000003,20,0
690,11,0.036678807947019866,302,0
690,12,0.006090909090909091,22,0
690,15,1.8022947019867543,302,0
690,20,0.9754668874172182,302,0
690,21,0.09511258278145698,302,0
690,23,0.0010166112956810633,301,0
690,24,0.007420529801324495,302,0
690,25,0,23,0
690,28,0,22,0
690,29,0.01869867549668873,302,0
690,30,0,18,0
690,31,0.011485714285714287,35,0
690,34,0.0005980066445182725,301,0
690,35,0.0011111111111111111,18,0
690,36,0.0005298013245033114,302,0
690,37,0.00004761904761904762,21,0
690,38,371.70749085365856,656,0
690,39,0.008256416974169753,271,0
691,1,11.6,1,0
691,2,3.9000000000000004,3,0
691,3,14.45,4,0
691,4,2.9,4,0
691,5,2.066666666666667,3,0
691,38,382.8825,2,0
691,39,1,1,0
692,1,1.5,1,0
692,2,2.755057471264368,522,0
692,3,9.815717017208417,523,0
692,4,1.885239005736137,523,0
692,5,1.2919087136929452,482,0
692,6,0.002,8,0
692,7,0.0048095238095238095,21,0
692,8,0.005,26,0
692,9,0.0242,5,0
692,10,0.0019999999999999996,5,0
692,11,0.056382857142857096,175,0
692,12,0.014600000000000002,25,0
692,13,0.48460000000000003,5,0
692,14,0.0194,5,0
692,15,0.8097252747252749,182,0
692,16,0.0032,5,0
692,18,0.0048000000000000004,5,0
692,20,0.47457692307692295,182,0
692,21,0.0420994475138121,181,0
692,23,0.00010563380281690143,142,0
692,24,0.008361290322580645,155,0
692,25,0.0043076923076923075,26,0
692,26,0.0002,5,0
692,27,0.0014,5,0
692,28,0.00125,20,0
692,29,0.0014054054054054056,148,0
692,31,0.003428571428571429,28,0
692,32,0.0002,5,0
692,33,0,5,0
692,34,0.0012183098591549296,142,0
692,35,0.001,5,0
692,36,0.0006923076923076925,143,0
692,37,0,6,0
692,38,169.43367650050865,983,0
692,39,0.01700391929824561,171,0
693,2,2.7146666666666666,15,0
693,3,10.068666666666669,15,0
693,4,0.29800000000000004,15,0
693,5,3.186666666666667,15,0
693,11,0.0005384615384615384,13,0
693,15,0.023800000000000005,15,0
693,20,0.1111333333333333,15,0
693,21,0.029200000000000004,15,0
693,23,0,11,0
693,24,0,11,0
693,29,0,11,0
693,34,0,11,0
693,36,0,11,0
693,38,129.06666666666666,30,0
693,39,0.0007514,15,0
694,1,11.299999999999999,3,0
694,2,3.8644999999999996,20,0
694,3,30.40695652173913,23,0
694,4,2.994347826086957,23,0
694,5,2.4526315789473685,19,0
694,7,0,1,0
694,8,0,1,0
694,11,0.0938,5,0
694,12,0,1,0
694,15,0.6834,5,0
694,20,0.5132,5,0
694,21,0.21439999999999998,5,0
694,23,0,5,0
694,24,0,5,0
694,25,0,1,0
694,28,0,1,0
694,29,0.0014,5,0
694,30,0,1,0
694,31,0,3,0
694,34,0,5,0
694,35,0,1,0
694,36,0,7,0
694,37,0,1,0
694,38,567.4042857142857,28,0
694,39,0.23174910000000004,10,0
695,1,0,1,0
695,2,0.9,23,0
695,3,66.08916666666667,24,0
695,4,0.8070833333333334,24,0
695,5,0.38260869565217387,23,0
695,6,0,1,0
695,7,0.0115,2,0
695,8,0,1,0
695,11,0.008529411764705883,17,0
695,12,0,1,0
695,13,0.7,1,0
695,14,0.011,1,0
695,15,0.3529411764705882,17,0
695,18,0.027,1,0
695,20,0.038764705882352944,17,0
695,21,0.007235294117647059,17,0
695,23,0,15,0
695,24,0.000625,16,0
695,25,0,1,0
695,28,0,1,0
695,29,0.00029411764705882356,17,0
695,31,0,3,0
695,34,0,15,0
695,36,0,16,0
695,38,652.269261904762,42,0
695,39,0.052969047619047624,21,0
696,1,39.333333333333336,3,0
696,2,7.085714285714286,7,0
696,3,0,10,0
696,4,33.9,12,0
696,5,0,10,0
696,11,3.25,2,0
696,15,36.8,2,0
696,20,4.3,2,0
696,21,1.45,2,0
696,23,0,2,0
696,24,0.15,2,0
696,29,0,2,0
696,31,0,1,0
696,34,0,2,0
696,36,0,3,0
696,38,1619.638875,8,0
696,39,0.7202822,5,0
697,1,30.15,2,0
697,2,0.6833333333333332,6,0
697,3,15.8,8,0
697,4,14.737499999999999,8,0
697,5,0.25,8,0
697,31,0.1,2,0
697,36,0,2,0
697,38,700.7,4,0
697,39,2.1500000000000004,2,0
698,1,30,1,0
698,2,5.1274999999999995,4,0
698,3,57.831999999999994,5,0
698,4,17.946,5,0
698,5,2.88,5,0
698,6,0,1,0
698,7,0,1,0
698,11,0,1,0
698,15,0,1,0
698,20,0,1,0
698,21,0,1,0
698,23,0,1,0
698,24,0,1,0
698,25,0,1,0
698,28,0,1,0
698,29,0,1,0
698,31,1.8265,2,0
698,34,0,1,0
698,36,0,2,0
698,37,0,1,0
698,38,1249.298,4,0
698,39,1.0007205,2,0
699,1,0.9,1,0
699,2,4.766666666666667,3,0
699,3,78.6,4,0
699,4,0.225,4,0
699,5,0,4,0
699,31,0,1,0
699,36,0,1,0
699,38,741.741,2,0
699,39,0.2,1,0
700,1,13.8,1,0
700,2,10.015,4,0
700,3,45.07,5,0
700,4,7.601999999999999,5,0
700,5,19.92,5,0
700,11,0.054,1,0
700,15,4.791,1,0
700,20,2.12,1,0
700,21,0.429,1,0
700,23,0,1,0
700,24,0.164,1,0
700,29,0,1,0
700,31,0,1,0
700,34,0.517,1,0
700,36,0,2,0
700,38,776.605,4,0
700,39,2.8035384999999997,2,0
701,1,1.6749999999999998,4,0
701,2,4.713437499999999,96,0
701,3,72.68310000000005,100,0
701,4,16.854199999999995,100,0
701,5,2.378350515463918,97,0
701,6,0,25,0
701,7,0.026346153846153852,26,0
701,8,0,23,0
701,9,0.11266666666666668,3,0
701,10,0.01,1,0
701,11,0.07988888888888887,54,0
701,12,0.009217391304347827,23,0
701,13,4.0767500000000005,8,0
701,14,0.292875,8,0
701,15,5.63488888888889,54,0
701,16,0.030333333333333334,3,0
701,17,0.0365,2,0
701,18,0.023,1,0
701,20,2.1535740740740743,54,0
701,21,0.07811111111111112,54,0
701,23,0,52,0
701,24,0.03639622641509433,53,0
701,25,0.000037037037037037037,27,0
701,26,0,1,0
701,27,0,1,0
701,28,0,27,0
701,29,0.0004339622641509434,53,0
701,30,0,1,0
701,31,0.012620689655172417,29,0
701,32,0,1,0
701,33,0,1,0
701,34,0.0004150943396226415,53,0
701,35,0.0015,2,0
701,36,0,53,0
701,37,0,23,0
701,38,1189.401005681818,176,0
701,39,0.05111181081081083,74,0
702,1,16.5,1,0
702,2,3.1666666666666665,3,0
702,3,65.05,4,0
702,4,4.125,4,0
702,5,0.25,4,0
702,31,0,1,0
702,36,0,1,0
702,38,896.3955,2,0
702,39,0.7,1,0
703,1,99,2,0
703,2,0,7,0
703,3,0,9,0
703,4,53.55555555555556,9,0
703,5,0,9,0
703,11,2.7,1,0
703,15,41.2,1,0
703,20,10.2,1,0
703,21,1,1,0
703,23,0,1,0
703,24,1,1,0
703,29,0,1,0
703,31,0,2,0
703,34,0,1,0
703,36,0,3,0
703,38,2001.5543333333335,6,0
703,39,0,2,0
704,1,85.9,2,0
704,2,0.9818181818181819,11,0
704,3,0,13,0
704,4,63.91230769230769,13,0
704,5,0,13,0
704,11,4.2372,5,0
704,15,42.3788,5,0
704,20,14.5298,5,0
704,21,0.9789999999999999,5,0
704,23,0,5,0
704,24,0.659,5,0
704,29,0.08,5,0
704,31,0,2,0
704,34,0,5,0
704,36,0,7,0
704,38,2119.3887142857143,14,0
704,39,0.01675,6,0
706,1,100,1,0
706,2,0,4,0
706,3,0,5,0
706,4,59.11999999999999,5,0
706,5,0,5,0
706,11,0.2,1,0
706,15,32.6,1,0
706,20,2.8,1,0
706,21,0.1,1,0
706,23,0,1,0
706,24,0,1,0
706,29,0,1,0
706,31,0,1,0
706,34,0,1,0
706,36,0,2,0
706,38,2071.675,4,0
706,39,0,2,0
707,1,9.7,3,0
707,2,14.548181818181819,22,0
707,3,61.1664,25,0
707,4,7.6008,25,0
707,5,10.100000000000001,25,0
707,11,0.010700000000000001,10,0
707,15,2.8844,10,0
707,20,0.38780000000000003,10,0
707,21,0.0164,10,0
707,23,0,10,0
707,24,0.0004,10,0
707,29,0,10,0
707,31,0.003,4,0
707,34,0,10,0
707,36,0,13,0
707,38,929.7470937500001,32,0
707,39,1.6347929,10,0
709,1,30.3,5,0
709,2,6.160416666666666,24,0
709,3,57.45357142857142,28,0
709,4,20.329642857142858,28,0
709,5,2.864285714285716,28,0
709,6,0,1,0
709,7,0.009000000000000001,4,0
709,8,0,4,0
709,9,0.10566666666666667,3,0
709,10,0.006000000000000001,3,0
709,11,0.08700000000000001,6,0
709,12,0,4,0
709,13,12.313249999999998,4,0
709,14,0.039,4,0
709,15,10.6055,6,0
709,16,0.016,3,0
709,18,0.015333333333333332,3,0
709,20,2.6366666666666663,6,0
709,21,0.16599999999999998,6,0
709,23,0,5,0
709,24,0.0118,5,0
709,25,0.00075,4,0
709,26,0,3,0
709,27,0,3,0
709,28,0,4,0
709,29,0.030199999999999998,5,0
709,31,0.060000000000000005,9,0
709,32,0,3,0
709,33,0,3,0
709,34,0,5,0
709,35,0.0033333333333333335,3,0
709,36,0,10,0
709,37,0,4,0
709,38,1256.8922692307692,26,0
709,39,0.6558220909090908,11,0
710,1,1.125,4,0
710,2,2.5815000000000006,20,0
710,3,9.893333333333333,24,0
710,4,0.8391666666666672,24,0
710,5,0.39999999999999997,24,0
710,6,0.002,1,0
710,7,0.007666666666666666,3,0
710,8,0.0013333333333333333,3,0
710,11,0.0195,8,0
710,12,0.0016666666666666668,3,0
710,15,0.36625,8,0
710,20,0.045250000000000005,8,0
710,21,0.008125,8,0
710,23,0.00225,8,0
710,24,0.00025,8,0
710,25,0,2,0
710,28,0.001,3,0
710,29,0,8,0
710,31,0.0005,8,0
710,34,0,8,0
710,36,0,12,0
710,38,151.58716666666666,24,0
710,39,0.35038374999999994,8,0
711,1,13.8,2,0
711,2,28.34307692307692,13,0
711,3,46.252,15,0
711,4,7.346666666666668,15,0
711,5,0,15,0
711,11,0.35457142857142854,7,0
711,15,1.8685714285714283,7,0
711,20,0.14271428571428574,7,0
711,21,0.06499999999999999,7,0
711,23,0,6,0
711,24,0,6,0
711,29,0,7,0
711,31,0,2,0
711,34,0,6,0
711,36,0,8,0
711,38,1004.0346666666667,18,0
711,39,1.539088,9,0
712,1,4.1,1,0
712,2,3.5150000000000006,6,0
712,3,4.712857142857142,7,0
712,4,3.7328571428571427,7,0
712,5,0,7,0
712,11,0.11733333333333333,3,0
712,15,1.367,3,0
712,20,0.12,3,0
712,21,0.081,3,0
712,23,0,1,0
712,24,0,1,0
712,29,0,3,0
712,31,0,1,0
712,34,0,1,0
712,36,0,2,0
712,38,213.286125,8,0
712,39,0.2006425,4,0
713,1,3.6,1,0
713,2,2.5,3,0
713,3,4.5,4,0
713,4,1.75,4,0
713,5,0,4,0
713,31,0,1,0
713,36,0,1,0
713,38,134.6345,2,0
713,39,0.8,1,0
714,1,0.5,2,0
714,2,5.9319999999999995,10,0
714,3,9.630833333333333,12,0
714,4,1.1475000000000002,12,0
714,5,0,12,0
714,6,0,1,0
714,7,0,1,0
714,11,0.04725,4,0
714,15,0.7517499999999999,4,0
714,20,0.07825,4,0
714,21,0.050749999999999997,4,0
714,23,0,4,0
714,24,0,4,0
714,29,0,4,0
714,31,0,3,0
714,34,0,4,0
714,36,0,6,0
714,38,266.3641666666667,12,0
714,39,0.33507116666666675,6,0
715,1,3.55,2,0
715,2,2.5833333333333335,6,0
715,3,4.6,8,0
715,4,1.7249999999999999,8,0
715,5,0,8,0
715,31,0,2,0
715,36,0,2,0
715,38,135.38525,4,0
715,39,0.8,2,0
716,1,0,1,0
716,2,5.427142857142856,7,0
716,3,7.577500000000001,8,0
716,4,0.037500000000000006,8,0
716,5,0.5625,8,0
716,11,0,4,0
716,15,0.010499999999999999,4,0
716,20,0.0265,4,0
716,21,0.0035,4,0
716,23,0,4,0
716,24,0,4,0
716,29,0,4,0
716,31,0,1,0
716,34,0,4,0
716,36,0,5,0
716,38,130.72390000000001,10,0
716,39,2.5622225166666666,6,0
717,1,4.6,1,0
717,2,8.5975,4,0
717,3,21.933999999999997,5,0
717,4,2.122,5,0
717,5,3.2400000000000007,5,0
717,6,0,1,0
717,7,0,1,0
717,8,0.022,1,0
717,11,0,1,0
717,12,0.033,1,0
717,15,1.158,1,0
717,20,2.754,1,0
717,21,0.45,1,0
717,23,0,1,0
717,24,0.028,1,0
717,25,0,1,0
717,28,0,1,0
717,29,0,1,0
717,31,0.028,2,0
717,34,0,1,0
717,36,0,2,0
717,38,432.675,4,0
717,39,8.4,1,0
718,1,4.2,1,0
718,2,10.984,35,0
718,3,3.408888888888889,36,0
718,4,6.228333333333334,36,0
718,5,1.0666666666666667,33,0
718,6,0,2,0
718,7,0,2,0
718,8,1.121,2,0
718,11,0.03618181818181818,11,0
718,12,0.5549999999999999,2,0
718,15,2.958636363636364,11,0
718,20,6.671181818181819,11,0
718,21,0.8911818181818183,11,0
718,23,0,2,0
718,24,0.27749999999999997,4,0
718,25,0.002,2,0
718,28,0,2,0
718,29,0.001,4,0
718,31,0,3,0
718,34,0.00175,4,0
718,36,0,3,0
718,38,296.35333333333335,66,0
718,39,0.026603312500000014,32,0
721,2,10.1,1,0
721,3,74.2,1,0
721,4,9.7,1,0
721,5,2.5,1,0
721,6,0,1,0
721,7,0,1,0
721,8,0,1,0
721,11,0.129,1,0
721,12,0,1,0
721,15,4.104,1,0
721,20,2.007,1,0
721,21,0.065,1,0
721,23,0,1,0
721,24,0.012,1,0
721,25,0,1,0
721,28,0,1,0
721,29,0.001,1,0
721,31,0.047,1,0
721,34,0,1,0
721,36,0,1,0
721,37,0,1,0
721,38,1104.5,2,0
721,39,0.00151,1,0
722,2,22.32,4,1
722,3,1.5,4,1
722,4,6.42,4,1
722,5,0,3,1
722,11,0.374,3,1
722,15,1.135,3,1
722,20,0.029,3,1
722,21,0.006,3,1
722,23,0.012,3,1
722,24,0.111,3,1
722,29,0.181,3,1
722,34,0.041,3,1
722,36,0.082,3,1
722,38,371,8,2
722,39,0.001371,3,1
723,2,20.08,2,1
723,3,0,2,1
723,4,1.7,2,1
723,5,0,2,1
723,7,0,2,1
723,8,0,2,1
723,11,0.099,2,1
723,12,0,2,1
723,15,0.379,2,1
723,20,0.158,2,1
723,21,0.033,2,1
723,23,0.003,2,1
723,24,0.02,2,1
723,25,0.003,2,1
723,28,0.01,2,1
723,29,0.023,2,1
723,31,0,2,1
723,34,0,2,1
723,36,0.043,2,1
723,38,248,4,2
723,39,0.00093,2,1
724,2,0.9623076923076923,13,0
724,3,74.41076923076922,13,0
724,4,10.123076923076924,13,0
724,5,0.8384615384615384,13,0
724,6,0,2,0
724,7,0,2,0
724,9,0.078,1,0
724,11,0.04988888888888889,9,0
724,13,1.38,1,0
724,14,0.242,1,0
724,15,4.584777777777777,9,0
724,16,0.022,1,0
724,17,0.024,1,0
724,20,2.6854444444444443,9,0
724,21,0.20244444444444443,9,0
724,23,0,9,0
724,24,0.005222222222222222,9,0
724,25,0,1,0
724,28,0,1,0
724,29,0,9,0
724,31,0.013333333333333334,3,0
724,34,0,9,0
724,36,0,9,0
724,37,0,1,0
724,38,997.3846153846154,26,0
724,39,0.0005866666666666667,12,0
725,2,10.310172413793106,58,0
725,3,64.95172413793104,58,0
725,4,14.31,58,0
725,5,5.08103448275862,58,0
725,6,0,13,0
725,7,0.0013181818181818182,22,0
725,8,0,17,0
725,9,0.009333333333333334,3,0
725,10,0,3,0
725,11,0.0348936170212766,47,0
725,12,0.0024705882352941176,17,0
725,13,1.9589999999999999,3,0
725,14,0.06233333333333333,3,0
725,15,4.48727659574468,47,0
725,16,0,3,0
725,18,0.014333333333333335,3,0
725,20,3.411574468085107,47,0
725,21,0.1662553191489362,47,0
725,23,0.00002857142857142857,35,0
725,24,0.04257499999999999,40,0
725,25,0.00019047619047619048,21,0
725,26,0,3,0
725,27,0,3,0
725,28,0,21,0
725,29,0.003435897435897436,39,0
725,30,0,5,0
725,31,0.021818181818181823,22,0
725,32,0.0030000000000000005,3,0
725,33,0,3,0
725,34,0.0011142857142857146,35,0
725,35,0,9,0
725,36,0,35,0
725,37,0,18,0
725,38,1091.646551724138,116,0
725,39,0.0021091351351351355,37,0
726,2,19.8,1,1
726,3,0,1,1
726,4,0.5,1,1
726,5,0,1,1
726,11,0.015,1,1
726,15,0.073,1,1
726,20,0.033,1,1
726,21,0.017,1,1
726,23,0,1,1
726,24,0,1,1
726,29,0.052,1,1
726,34,0,1,1
726,36,0.012,1,1
726,38,230.5,2,2
726,39,0.00121,1,1
727,2,0.15,10,0
727,3,7.517,10,0
727,4,0.048,10,0
727,5,0,10,0
727,11,0,10,0
727,15,0,10,0
727,20,0,10,0
727,21,0,10,0
727,23,0,10,0
727,24,0,10,0
727,29,0,10,0
727,34,0,10,0
727,36,0,10,0
727,38,77.2,20,0
728,2,8.83722222222222,18,0
728,3,27.48833333333333,18,0
728,4,8.323333333333332,18,0
728,5,3.5,10,0
728,7,0.01877777777777778,9,0
728,8,0,7,0
728,9,0.022000000000000002,3,0
728,10,0.005,3,0
728,11,0.14489999999999997,10,0
728,12,0.005857142857142858,7,0
728,13,1.1486666666666665,3,0
728,14,0.051333333333333335,3,0
728,15,2.8699411764705887,17,0
728,16,0.010333333333333333,3,0
728,18,0.028,3,0
728,20,1.0284705882352942,17,0
728,21,0.15013333333333334,15,0
728,23,0,9,0
728,24,0.0206,10,0
728,25,0.005571428571428573,7,0
728,26,0,3,0
728,27,0.0023333333333333335,3,0
728,28,0.001,7,0
728,29,0.013300000000000001,10,0
728,31,0.006555555555555556,9,0
728,32,0.0006666666666666666,3,0
728,33,0,3,0
728,34,0.00022222222222222223,9,0
728,35,0.0026666666666666666,3,0
728,36,0.00044444444444444447,9,0
728,37,0.0006666666666666666,3,0
728,38,563.5833333333334,36,0
728,39,0.002025333333333333,12,0
729,2,14.096250000000007,56,0
729,3,20.164821428571432,56,0
729,4,13.66071428571429,56,0
729,5,1.3391304347826085,46,0
729,6,0,8,0
729,7,0.09247826086956525,23,0
729,8,0,20,0
729,9,0.35633333333333334,12,0
729,10,0.03225000000000001,12,0
729,11,0.4060416666666668,24,0
729,12,0.043478260869565216,23,0
729,13,4.074875,16,0
729,14,0.42975,16,0
729,15,4.589615384615384,26,0
729,17,0.05891666666666667,12,0
729,20,1.5808518518518515,27,0
729,21,0.22546153846153846,26,0
729,23,0.03347619047619047,21,0
729,24,0.028961538461538476,26,0
729,25,0.0010869565217391304,23,0
729,27,0,7,0
729,28,0.003,23,0
729,29,0.01788461538461539,26,0
729,31,0.006260869565217392,23,0
729,34,0.004708333333333334,24,0
729,36,0,21,0
729,37,0,1,0
729,38,670.5446428571429,112,0
729,39,0.0019463823529411765,34,0
730,2,5.578571428571428,7,0
730,3,19.267142857142858,7,0
730,4,2.7800000000000002,7,0
730,5,5.033333333333333,6,0
730,6,0,3,0
730,7,0,3,0
730,8,0,3,0
730,11,0.08742857142857144,7,0
730,12,0.001,3,0
730,13,0.26066666666666666,3,0
730,14,0,3,0
730,15,0.9475714285714286,7,0
730,20,0.2812857142857143,7,0
730,21,0.07228571428571429,7,0
730,23,0,4,0
730,24,0.010142857142857144,7,0
730,25,0.0030000000000000005,3,0
730,28,0,3,0
730,29,0,4,0
730,31,0,3,0
730,34,0,4,0
730,36,0,4,0
730,38,305.14285714285717,14,0
730,39,0.0018897142857142856,7,0
731,2,6.603333333333334,6,0
731,3,11.26,6,0
731,4,4.001666666666666,6,0
731,5,3.7,4,0
731,7,0.034999999999999996,3,0
731,8,0,2,0
731,9,0.101,2,0
731,10,0.0095,2,0
731,11,0.09849999999999999,6,0
731,12,0.04033333333333333,3,0
731,13,1.1785,2,0
731,14,0.15000000000000002,2,0
731,15,1.3901666666666668,6,0
731,16,0.018500000000000003,2,0
731,18,0.021,2,0
731,20,0.252,6,0
731,21,0.14016666666666666,6,0
731,23,0,4,0
731,24,0.013799999999999998,5,0
731,25,0.002,2,0
731,26,0,2,0
731,27,0.004,2,0
731,28,0.005,3,0
731,29,0.0035,4,0
731,31,0.004666666666666666,3,0
731,32,0,2,0
731,33,0,2,0
731,34,0.0008,5,0
731,35,0.0015,2,0
731,36,0.00125,4,0
731,37,0,2,0
731,38,274.3333333333333,12,0
731,39,0.0016466000000000002,5,0
732,2,9.467,10,0
732,3,17.395,10,0
732,4,9.136,10,0
732,5,2.5749999999999997,8,0
732,7,0.04,8,0
732,8,0.00025,8,0
732,9,0.16099999999999998,6,0
732,10,0.019666666666666666,6,0
732,11,0.165125,8,0
732,12,0.027000000000000003,8,0
732,13,2.529666666666667,6,0
732,14,0.2633333333333333,6,0
732,15,2.867,10,0
732,16,0.037,6,0
732,18,0.04466666666666667,6,0
732,20,1.6286999999999998,10,0
732,21,0.1511,10,0
732,23,0.00075,8,0
732,24,0.032375,8,0
732,25,0.0032500000000000003,8,0
732,26,0.0006666666666666666,6,0
732,27,0.01,6,0
732,28,0.007750000000000001,8,0
732,29,0.01875,8,0
732,31,0.013374999999999998,8,0
732,32,0.001666666666666667,6,0
732,33,0,6,0
732,34,0.0012500000000000002,8,0
732,35,0.006000000000000001,6,0
732,36,0.0037500000000000003,8,0
732,37,0.001,6,0
732,38,490.2,20,0
732,39,0.0019238749999999998,8,0
733,2,7.489999999999999,8,0
733,3,50.622499999999995,8,0
733,4,4.385,8,0
733,5,3.614285714285714,7,0
733,7,0.001,5,0
733,8,0,3,0
733,9,0.002,1,0
733,10,0,1,0
733,11,0.00375,8,0
733,12,0.00175,4,0
733,13,0.223,1,0
733,14,0,1,0
733,15,1.9163750000000002,8,0
733,16,0,1,0
733,18,0,1,0
733,20,1.0585,8,0
733,21,0.078875,8,0
733,23,0,5,0
733,24,0.012571428571428572,7,0
733,25,0,3,0
733,26,0,1,0
733,27,0,1,0
733,28,0.00125,4,0
733,29,0.0007142857142857143,7,0
733,31,0.007200000000000001,5,0
733,32,0,1,0
733,33,0,1,0
733,34,0,5,0
733,35,0,1,0
733,36,0,5,0
733,37,0,1,0
733,38,701.125,16,0
733,39,0.001983375,8,0
734,2,7.2316666666666665,6,0
734,3,33.519999999999996,6,0
734,4,19.063333333333336,6,0
734,5,3.9499999999999997,2,0
734,7,0.0175,2,0
734,8,0,2,0
734,11,0.081,2,0
734,12,0,2,0
734,15,8.1295,6,0
734,20,2.221833333333333,6,0
734,21,0.12719999999999998,5,0
734,23,0.005,2,0
734,24,0.0335,2,0
734,25,0,2,0
734,28,0,2,0
734,29,0,2,0
734,31,0.042499999999999996,2,0
734,34,0,2,0
734,36,0,2,0
734,38,856,12,0
734,39,0.0018343333333333334,3,0
735,2,16.45,20,0
735,3,12.425999999999998,20,0
735,4,18.905,20,0
735,5,0.295,20,0
735,6,0.025,2,0
735,7,0.11814285714285712,7,0
735,8,0.0008571428571428572,7,0
735,9,0.2194285714285714,7,0
735,10,0.04900000000000001,7,0
735,11,0.35475000000000007,16,0
735,12,0.023,7,0
735,13,4.3660000000000005,7,0
735,14,0.40185714285714286,7,0
735,15,5.493062500000001,16,0
735,16,0.03514285714285714,7,0
735,18,0.11514285714285713,7,0
735,20,2.332375,16,0
735,21,0.3024375,16,0
735,23,0.0017333333333333335,15,0
735,24,0.05353333333333333,15,0
735,25,0.006857142857142856,7,0
735,26,0.0012857142857142859,7,0
735,27,0.015999999999999997,7,0
735,28,0.016857142857142855,7,0
735,29,0.009600000000000001,15,0
735,31,0.030428571428571426,7,0
735,32,0.002285714285714286,7,0
735,33,0.00028571428571428574,7,0
735,34,0.0012000000000000001,15,0
735,35,0.0061428571428571435,7,0
735,36,0.004866666666666668,15,0
735,37,0.002142857142857143,7,0
735,38,738.725,40,0
735,39,0.005035750000000002,16,0
736,2,4.1459090909090905,22,0
736,3,8.258636363636363,22,0
736,4,4.702727272727273,22,0
736,5,1.4857142857142855,14,0
736,7,0,4,0
736,8,0,4,0
736,9,0.018,4,0
736,10,0.00025,4,0
736,11,0.031875,8,0
736,12,0.0075,4,0
736,13,2.15225,4,0
736,14,0.00475,4,0
736,15,1.76925,8,0
736,16,0.010499999999999999,4,0
736,18,0.0265,4,0
736,20,3.659,8,0
736,21,0.37787499999999996,8,0
736,23,0.0018000000000000002,5,0
736,24,0.1732857142857143,7,0
736,25,0.0025,4,0
736,26,0.00075,4,0
736,27,0.00425,4,0
736,28,0.00525,4,0
736,29,0.006,5,0
736,31,0.03175,4,0
736,32,0.008,4,0
736,33,0.0025,4,0
736,34,0.010166666666666666,6,0
736,35,0.001,4,0
736,36,0.0002,5,0
736,37,0.003,4,0
736,38,236.1818181818182,44,0
736,39,0.0011955000000000002,8,0
737,2,1.8327272727272723,11,0
737,3,30.58727272727273,11,0
737,4,13.928181818181816,11,0
737,5,0.24545454545454548,11,0
737,11,0.014727272727272728,11,0
737,15,2.786636363636364,11,0
737,20,0.7483636363636365,11,0
737,21,0.06381818181818182,11,0
737,23,0,10,0
737,24,0,10,0
737,29,0,11,0
737,34,0,10,0
737,36,0,10,0
737,38,647.6818181818181,22,0
737,39,0.0008474545454545454,11,0
738,2,6.84,1,0
738,3,55.35,1,0
738,4,7.35,1,0
738,5,0,1,0
738,7,0.068,1,0
738,8,0,1,0
738,9,0.126,1,0
738,10,0.036,1,0
738,11,0.163,1,0
738,12,0,1,0
738,13,1.64,1,0
738,14,0.255,1,0
738,15,1.895,1,0
738,16,0.084,1,0
738,18,0.073,1,0
738,20,0.288,1,0
738,21,0.052,1,0
738,23,0.003,1,0
738,24,0.017,1,0
738,25,0.001,1,0
738,26,0.001,1,0
738,27,0.005,1,0
738,28,0.006,1,0
738,29,0.009,1,0
738,31,0.005,1,0
738,32,0,1,0
738,33,0,1,0
738,34,0,1,0
738,35,0.002,1,0
738,36,0.009,1,0
738,37,0,1,0
738,38,816.5,2,0
738,39,0.0017410000000000001,1,0
739,2,5.692727272727273,11,0
739,3,50.42727272727273,11,0
739,4,13.577272727272724,11,0
739,5,0.6909090909090909,11,0
739,7,0.009,1,0
739,11,0.04536363636363636,11,0
739,12,0.01,1,0
739,15,1.9897272727272728,11,0
739,20,1.342,11,0
739,21,0.26027272727272727,11,0
739,23,0,9,0
739,24,0.0333,10,0
739,28,0.01,1,0
739,29,0.0021,10,0
739,31,0.067,1,0
739,34,0,9,0
739,36,0,9,0
739,38,878.5,22,0
739,39,0.0012347272727272725,11,0
740,2,3.81375,8,0
740,3,35.11125,8,0
740,4,3.3199999999999994,8,0
740,5,0,8,0
740,6,0.0005,4,0
740,7,0.004,4,0
740,8,0.004,1,0
740,11,0.07028571428571427,7,0
740,12,0.005,1,0
740,15,1.1147142857142858,7,0
740,20,0.2597142857142857,7,0
740,21,0.04214285714285714,7,0
740,23,0,5,0
740,24,0.0054285714285714284,7,0
740,28,0.003,1,0
740,29,0.024428571428571435,7,0
740,31,0.0015,4,0
740,34,0.00028571428571428574,7,0
740,36,0,7,0
740,38,472.5625,16,0
740,39,0.001036,5,0
742,2,8.82,4,0
742,3,29.33,4,0
742,4,7.0725,4,0
742,5,2.475,4,0
742,7,0.0025,4,0
742,8,0,4,0
742,11,0.06325,4,0
742,12,0.0035,4,0
742,13,2.844,1,0
742,14,0.046,1,0
742,15,1.8995000000000002,4,0
742,19,0.057,1,0
742,20,2.7052500000000004,4,0
742,21,0.29000000000000004,4,0
742,23,0,3,0
742,24,0.02775,4,0
742,25,0.0055,4,0
742,28,0.002,4,0
742,29,0.00775,4,0
742,31,0.01775,4,0
742,34,0,3,0
742,35,0.0016666666666666668,3,0
742,36,0.0023333333333333335,3,0
742,37,0.001,1,0
742,38,560.5,8,0
742,39,0.002095,3,0
743,2,2.7,2,1
743,3,25.61,2,1
743,4,0.2,2,1
743,5,1.5,2,1
743,11,0,1,1
743,15,0.005,2,1
743,20,0.076,2,1
743,21,0.013,2,1
743,23,0,1,1
743,24,0,1,1
743,29,0,1,1
743,34,0,1,1
743,36,0,1,1
743,38,298,4,2
743,39,0.002042,1,0
744,2,9.1,16,0
744,3,69.03437500000001,16,0
744,4,16.010624999999997,16,0
744,5,9.78125,16,0
744,7,0,4,0
744,8,0,5,0
744,9,0.0125,2,0
744,10,0.0025,2,0
744,11,0.032375,16,0
744,12,0.002,5,0
744,13,6.5965,2,0
744,14,0.817,1,0
744,15,5.627250000000001,16,0
744,16,0.0105,2,0
744,17,0.453,1,0
744,18,0.2615,2,0
744,20,5.927874999999999,16,0
744,21,0.2931875,16,0
744,23,0,13,0
744,24,0.022285714285714287,14,0
744,25,0,6,0
744,26,0,2,0
744,27,0,2,0
744,28,0,6,0
744,29,0,14,0
744,31,0.0482,5,0
744,32,0,2,0
744,33,0,2,0
744,34,0,13,0
744,35,0.002,2,0
744,36,0,13,0
744,37,0.0005,2,0
744,38,1159.8125,32,0
744,39,0.002226272727272727,11,0
745,2,6.83,17,0
745,3,58.893529411764696,17,0
745,4,25.54588235294118,17,0
745,5,4.876470588235293,17,0
745,7,0,4,0
745,8,0,1,0
745,9,0.1515,2,0
745,10,0,2,0
745,11,0.1948,15,0
745,12,0.0085,2,0
745,13,5.557,2,0
745,14,0.0385,2,0
745,15,7.3284117647058835,17,0
745,16,0.0395,2,0
745,18,0.13,2,0
745,20,10.421411764705882,17,0
745,21,0.1594705882352941,17,0
745,23,0,11,0
745,24,0.0362,15,0
745,25,0.003,2,0
745,26,0,3,0
745,27,0.0006666666666666666,3,0
745,28,0.0006666666666666666,3,0
745,29,0.00009090909090909092,11,0
745,31,0.017599999999999998,5,0
745,32,0,2,0
745,33,0.0005,2,0
745,34,0.00018181818181818183,11,0
745,35,0.002,3,0
745,36,0.0005454545454545455,11,0
745,37,0.013499999999999998,2,0
745,38,1244.0882352941176,34,0
745,39,0.003587764705882353,17,0
746,2,8.431666666666667,12,0
746,3,68.1725,12,0
746,4,17.940833333333334,12,0
746,5,5.166666666666667,12,0
746,7,0.0016,5,0
746,8,0,4,0
746,9,0.024,2,0
746,10,0,2,0
746,11,0.03758333333333334,12,0
746,12,0.00125,4,0
746,13,6.923,2,0
746,14,0.0975,4,0
746,15,7.047833333333333,12,0
746,16,0.014,2,0
746,18,0.0545,2,0
746,19,0.1015,2,0
746,20,6.15925,12,0
746,21,0.23308333333333334,12,0
746,23,0,8,0
746,24,0.0633,10,0
746,25,0.00425,4,0
746,26,0,2,0
746,27,0,2,0
746,28,0,4,0
746,29,0.0006000000000000001,10,0
746,31,0.055400000000000005,5,0
746,32,0.003,2,0
746,33,0.0005,2,0
746,34,0.008749999999999999,8,0
746,35,0.002,2,0
746,36,0,8,0
746,37,0.006,2,0
746,38,1197.2916666666667,24,0
746,39,0.0023547999999999998,10,0
747,2,6.4688888888888885,9,0
747,3,58.287777777777784,9,0
747,4,31.25333333333333,9,0
747,5,3.125,8,0
747,7,0,3,0
747,8,0,2,0
747,9,0.027,1,0
747,11,0.05044444444444444,9,0
747,12,0,3,0
747,13,7.382,1,0
747,14,0.5539999999999999,3,0
747,15,8.004444444444443,9,0
747,16,0,1,0
747,17,0.192,1,0
747,19,0.199,2,0
747,20,11.245666666666667,9,0
747,21,0.44900000000000007,9,0
747,23,0,6,0
747,24,0.05683333333333334,6,0
747,25,0,2,0
747,28,0,2,0
747,29,0,6,0
747,31,0.03566666666666667,3,0
747,32,0,1,0
747,34,0,6,0
747,36,0,6,0
747,37,0,1,0
747,38,1379.3333333333333,18,0
747,39,0.00251675,8,0
748,2,0.43,1,0
748,3,7.41,1,0
748,4,0.65,1,0
748,5,0.3,1,0
748,11,0.046,1,0
748,15,0.037,1,0
748,20,0.018,1,0
748,21,0.018,1,0
748,23,0,1,0
748,24,0,1,0
748,29,0,1,0
748,34,0,1,0
748,36,0,1,0
748,38,96.5,2,0
749,2,6.998181818181819,11,0
749,3,7.626363636363635,11,0
749,4,2.7009090909090907,11,0
749,5,1.1999999999999997,10,0
749,7,0.011857142857142858,7,0
749,8,0,6,0
749,9,0,1,0
749,10,0,1,0
749,11,0.07162500000000001,8,0
749,12,0.027285714285714285,7,0
749,13,0.08,1,0
749,14,0,1,0
749,15,1.221625,8,0
749,16,0,1,0
749,18,0,1,0
749,20,0.32722222222222225,9,0
749,21,0.0437,10,0
749,23,0.009250000000000001,4,0
749,24,0.0095,8,0
749,25,0.0012857142857142859,7,0
749,26,0,1,0
749,27,0,1,0
749,28,0,7,0
749,29,0.005875,8,0
749,30,0,2,0
749,31,0.0008571428571428572,7,0
749,32,0,1,0
749,33,0,1,0
749,34,0.0025,4,0
749,35,0,3,0
749,36,0,4,0
749,37,0,3,0
749,38,211.57142857142858,21,0
749,39,0.0012008,5,0
750,1,0,1,0
750,2,20.92,11,0
750,3,57.751666666666665,12,0
750,4,0.008333333333333333,12,0
750,5,0.275,12,0
750,11,0.002,5,0
750,15,0.01,5,0
750,20,0,5,0
750,21,0,5,0
750,23,0,5,0
750,24,0,5,0
750,29,0,5,0
750,31,0,1,0
750,34,0,5,0
750,36,0,6,0
750,38,677.471,18,0
750,39,0.01275355555555556,9,0
751,2,2.275714285714286,7,0
751,3,37.38,7,0
751,4,1.9485714285714284,7,0
751,5,0.8714285714285713,7,0
751,11,0.03866666666666667,6,0
751,15,0.6208333333333333,6,0
751,20,0.05483333333333334,6,0
751,21,0.023500000000000004,6,0
751,23,0,5,0
751,24,0,5,0
751,29,0.0002,5,0
751,34,0,5,0
751,36,0,5,0
751,38,436,14,0
751,39,0.024860666666666666,3,0
752,2,13.31,1,0
752,3,31.84,1,0
752,4,17.8,1,0
752,11,0.095,1,0
752,15,9.67,1,0
752,20,0.495,1,0
752,21,0.111,1,0
752,24,0.042,1,0
752,38,863,2,0
752,39,0.002432,1,0
753,2,7.535,2,0
753,3,47.135,2,0
753,4,11.18,2,0
753,5,1.7,1,0
753,7,0.026500000000000003,2,0
753,8,0,2,0
753,11,0.1995,2,0
753,12,0.029,2,0
753,15,3.641,2,0
753,20,1.0945,2,0
753,21,0.0395,2,0
753,24,0.0595,2,0
753,25,0.019,2,0
753,28,0,2,0
753,29,0,2,0
753,31,0.005,2,0
753,38,827.75,4,0
753,39,0.001251,1,0
754,1,2.05,2,0
754,2,2.5362162162162165,37,0
754,3,25.808461538461543,39,0
754,4,2.561282051282051,39,0
754,5,1.754054054054053,37,0
754,6,0,2,0
754,7,0.007666666666666666,3,0
754,8,0,2,0
754,11,0.021411764705882352,17,0
754,12,0.001,2,0
754,15,1.0280000000000002,17,0
754,20,0.4287647058823529,17,0
754,21,0.03411764705882353,17,0
754,23,0.00005882352941176471,17,0
754,24,0.0024705882352941176,17,0
754,25,0,2,0
754,28,0,2,0
754,29,0.00041176470588235296,17,0
754,31,0.0013333333333333333,3,0
754,34,0,17,0
754,36,0,17,0
754,37,0,1,0
754,38,360.29977272727274,66,0
754,39,0.004040142857142856,28,0
755,2,7.12,4,0
755,3,13.5975,4,0
755,4,4.5825000000000005,4,0
755,5,1.525,4,0
755,6,0.0016666666666666668,3,0
755,7,0.01975,4,0
755,8,0,1,0
755,11,0.08325,4,0
755,12,0.02266666666666667,3,0
755,15,1.2465,4,0
755,20,0.601,4,0
755,21,0.08425,4,0
755,23,0.01,2,0
755,24,0.012666666666666666,3,0
755,25,0,1,0
755,28,0.0033333333333333335,3,0
755,29,0,2,0
755,30,0,1,0
755,31,0.0025,4,0
755,34,0.0015,4,0
755,35,0,1,0
755,36,0,2,0
755,37,0,1,0
755,38,321.875,8,0
755,39,0.001586,2,0
756,2,3.12,1,1
756,3,5.1,1,1
756,4,0.57,1,1
756,5,2.8,1,1
756,7,0,1,1
756,8,0,1,1
756,9,0.002,1,1
756,10,0,1,1
756,11,0.002,1,1
756,12,0,1,1
756,13,0.022,1,1
756,14,0,1,1
756,15,0.022,1,1
756,16,0,1,1
756,18,0,1,1
756,20,0.215,1,1
756,21,0,1,1
756,23,0,1,1
756,24,0,1,1
756,25,0.001,1,1
756,26,0,1,1
756,27,0,1,1
756,28,0,1,1
756,29,0,1,1
756,31,0,1,1
756,32,0,1,1
756,33,0,1,1
756,34,0,1,1
756,35,0,1,1
756,36,0,1,1
756,37,0.003,1,1
756,38,80,2,2
756,39,0.001581,1,1
757,2,7.154736842105263,19,0
757,3,45.015789473684215,19,0
757,4,6.304736842105264,19,0
757,5,2.6769230769230767,13,0
757,7,0.0004,5,0
757,8,0,5,0
757,9,0.003,1,0
757,10,0,1,0
757,11,0.0408125,16,0
757,12,0.0002,5,0
757,13,1.018,2,0
757,14,0.1815,2,0
757,15,1.5915,16,0
757,16,0.005,1,0
757,18,0.032,1,0
757,19,0.018,1,0
757,20,2.046875,16,0
757,21,0.22293749999999996,16,0
757,23,0.0001,10,0
757,24,0.01615384615384615,13,0
757,25,0.0004,5,0
757,26,0,1,0
757,27,0.002,1,0
757,28,0.0004,5,0
757,29,0.011066666666666667,15,0
757,31,0.012199999999999999,5,0
757,32,0.002,1,0
757,33,0,1,0
757,34,0.0005454545454545455,11,0
757,35,0.008,1,0
757,36,0.0002,10,0
757,37,0.013,1,0
757,38,686.9736842105264,38,0
757,39,0.0028962000000000002,15,0
758,2,0.15,2,0
758,3,46.25,2,0
758,4,0.15,2,0
758,5,5.35,2,0
758,11,0.0005,2,0
758,15,0.006,2,0
758,20,0.036,2,0
758,21,0.0075,2,0
758,23,0,2,0
758,24,0,2,0
758,29,0,2,0
758,34,0,2,0
758,36,0,2,0
758,38,435.5,4,0
758,39,0.0003,1,0
759,2,2.1024000000000003,50,0
759,3,48.869799999999984,50,0
759,4,2.3308,50,0
759,5,0.784,50,0
759,6,0.00028571428571428574,7,0
759,7,0.0011818181818181819,11,0
759,8,0.0008,5,0
759,11,0.02106976744186047,43,0
759,12,0.0008,5,0
759,15,0.6275869565217391,46,0
759,20,0.21484782608695654,46,0
759,21,0.03006521739130436,46,0
759,23,0,35,0
759,24,0.0007567567567567567,37,0
759,25,0,4,0
759,28,0.0006000000000000001,5,0
759,29,0.0005128205128205127,39,0
759,31,0.0033636363636363642,11,0
759,34,0,35,0
759,36,0,35,0
759,38,574.91,100,0
759,39,0.0019818888888888894,45,0
760,2,6.634666666666666,15,0
760,3,41.46066666666666,15,0
760,4,7.882666666666666,15,0
760,5,3.4357142857142855,14,0
760,7,0,7,0
760,8,0,6,0
760,11,0.031749999999999994,8,0
760,12,0,6,0
760,15,4.42375,8,0
760,20,2.338875,8,0
760,21,0.29850000000000004,8,0
760,23,0.0011666666666666668,6,0
760,24,0.045000000000000005,8,0
760,25,0.001,7,0
760,28,0,7,0
760,29,0.007624999999999999,8,0
760,31,0.03128571428571429,7,0
760,34,0,6,0
760,35,0,1,0
760,36,0,6,0
760,37,0,1,0
760,38,663.8,30,0
760,39,0.0030255,8,0
761,1,2.4,1,0
761,2,2.4518181818181817,33,0
761,3,5.596764705882354,34,0
761,4,1.2573529411764703,34,0
761,5,0.40882352941176475,34,0
761,6,0,1,0
761,7,0,1,0
761,8,0,1,0
761,11,0,8,0
761,12,0.01,1,0
761,15,0.18387499999999998,8,0
761,20,0.392,8,0
761,21,0.050374999999999996,8,0
761,23,0,8,0
761,24,0.005875,8,0
761,25,0,1,0
761,28,0,1,0
761,29,0,8,0
761,31,0,2,0
761,34,0,8,0
761,36,0,9,0
761,38,116.56745161290323,62,0
761,39,0.052245483870967745,31,0
762,2,14.289374999999998,16,0
762,3,6.215,16,0
762,4,14.40875,16,0
762,5,0.44999999999999996,16,0
762,7,0.004,1,0
762,8,0,1,0
762,11,0.5555625,16,0
762,12,0,1,0
762,15,6.123687499999999,16,0
762,20,1.7643125,16,0
762,21,0.19312500000000005,16,0
762,23,0,12,0
762,24,0.015083333333333332,12,0
762,25,0.012,1,0
762,28,0,1,0
762,29,0.0062499999999999995,12,0
762,31,0.003,1,0
762,34,0,12,0
762,36,0.0006666666666666666,12,0
762,38,554.46875,32,0
762,39,0.0037493333333333337,9,0
763,2,0.5,1,0
763,3,5,1,0
763,4,0,1,0
763,5,0,1,0
763,11,0,1,0
763,15,0,1,0
763,20,0,1,0
763,21,0,1,0
763,23,0,1,0
763,24,0,1,0
763,29,0,1,0
763,34,0,1,0
763,36,0,1,0
763,38,347.5,2,0
763,39,0,1,0
764,2,0.27599999999999997,5,0
764,3,16.84,5,0
764,4,1.9279999999999997,5,0
764,5,0.1,5,0
764,11,0.0005,2,0
764,15,0.17633333333333334,3,0
764,20,0.05833333333333334,3,0
764,21,0.0055,2,0
764,23,0,2,0
764,24,0,2,0
764,29,0,2,0
764,34,0,2,0
764,36,0,2,0
764,38,431.2,10,0
764,39,0.000144,5,0
765,2,8.275,2,0
765,3,50.325,2,0
765,4,0.4,2,0
765,5,3.2,2,0
765,11,0.0015,2,0
765,15,0.05399999999999999,2,0
765,20,0.15,2,0
765,21,0.0075,2,0
765,23,0,1,0
765,24,0,1,0
765,29,0,1,0
765,34,0,1,0
765,36,0,1,0
765,38,632.5,4,0
765,39,0.00044,2,0
766,2,7.685,2,0
766,3,47.225,2,0
766,4,0.785,2,0
766,5,11.4,2,0
766,11,0.004,2,0
766,15,0.098,2,0
766,20,0.306,2,0
766,21,0.0135,2,0
766,23,0,2,0
766,24,0,2,0
766,29,0,2,0
766,34,0,2,0
766,36,0,2,0
766,38,550.75,4,0
766,39,0.0009255,2,0
767,2,3.8833333333333333,6,0
767,3,40.76166666666666,6,0
767,4,1.06,6,0
767,5,4.05,6,0
767,6,0,2,0
767,7,0,2,0
767,8,0,2,0
767,11,0.0215,4,0
767,12,0,2,0
767,15,0.23900000000000002,5,0
767,20,0.26239999999999997,5,0
767,21,0.028000000000000004,5,0
767,23,0,3,0
767,24,0,4,0
767,25,0,2,0
767,28,0,2,0
767,29,0.001,3,0
767,31,0,2,0
767,34,0,3,0
767,36,0,3,0
767,38,494.0833333333333,12,0
767,39,0.0029325,2,0
768,2,9,2,0
768,3,71.4,2,0
768,4,13.21,2,0
768,5,4.8,2,0
768,11,0.002,2,0
768,15,0.952,2,0
768,20,0.338,2,0
768,21,0.011,2,0
768,23,0,2,0
768,24,0,2,0
768,29,0,2,0
768,34,0,2,0
768,36,0,2,0
768,38,666,4,0
769,2,9.9775,4,0
769,3,22.860000000000003,4,0
769,4,10.985,4,0
769,15,4.46025,4,0
769,20,0.46075,4,0
769,21,0.0465,2,0
769,38,590.375,8,0
770,1,1.2,1,0
770,2,9.072,5,0
770,3,75.17666666666666,6,0
770,4,0.7166666666666667,6,0
770,5,2.1999999999999997,6,0
770,11,0,2,0
770,15,0.124,2,0
770,20,0.393,2,0
770,21,0.037,2,0
770,23,0,2,0
770,24,0,2,0
770,29,0,2,0
770,31,0,1,0
770,34,0,2,0
770,36,0,3,0
770,38,871.7495,6,0
770,39,0.10051333333333333,3,0
771,2,0.19,1,0
771,3,88.69,1,0
771,4,0.02,1,0
771,5,0.9,1,0
771,11,0,1,0
771,15,0.005,1,0
771,20,0.002,1,0
771,21,0.001,1,0
771,23,0,1,0
771,24,0,1,0
771,29,0,1,0
771,34,0,1,0
771,36,0,1,0
771,38,928,2,0
771,39,0.00011,1,0
772,2,7.5625,4,0
772,3,14.46,4,0
772,4,8.329999999999998,4,0
772,15,2.246,4,0
772,20,0.5922499999999999,4,0
772,21,0.046,4,0
772,38,410.875,8,0
773,2,15.05,1,0
773,3,24.04,1,0
773,4,15.25,1,0
773,5,1.7,1,0
773,7,0.054,1,0
773,8,0,1,0
773,9,0.144,1,0
773,10,0.026,1,0
773,11,0.171,1,0
773,12,0.02,1,0
773,13,3.232,1,0
773,14,0.215,1,0
773,15,3.447,1,0
773,16,0.049,1,0
773,18,0.081,1,0
773,20,3.556,1,0
773,21,0.459,1,0
773,23,0.002,1,0
773,24,0.069,1,0
773,25,0.007,1,0
773,26,0.001,1,0
773,27,0.014,1,0
773,28,0.015,1,0
773,29,0.032,1,0
773,31,0.029,1,0
773,32,0.002,1,0
773,33,0,1,0
773,34,0.002,1,0
773,35,0.008,1,0
773,36,0.006,1,0
773,37,0.001,1,0
773,38,761,2,0
773,39,0.0030529999999999997,1,0
774,2,4.644,5,0
774,3,15.002,5,0
774,4,7.522,5,0
774,38,353.5,10,0
775,2,10.683333333333332,3,0
775,3,25.909999999999997,3,0
775,4,12.476666666666667,3,0
775,11,0.525,3,0
775,15,5.469333333333334,3,0
775,20,1.2696666666666667,3,0
775,21,0.32433333333333336,3,0
775,38,665.1666666666666,6,0
776,2,12.079999999999998,9,0
776,3,10.91888888888889,9,0
776,4,16.695555555555558,9,0
776,5,0.8777777777777778,9,0
776,11,0.41744444444444445,9,0
776,15,5.100333333333333,9,0
776,20,3.8531111111111116,9,0
776,21,0.35644444444444445,9,0
776,23,0,8,0
776,24,0.015375,8,0
776,29,0.003375,8,0
776,34,0,8,0
776,36,0,8,0
776,38,601.4444444444445,18,0
776,39,0.004347571428571429,7,0
777,2,7.13,3,0
777,3,16.963333333333335,3,0
777,4,9.693333333333333,3,0
777,15,3.483333333333333,3,0
777,20,0.5650000000000001,2,0
777,21,0.08766666666666667,3,0
777,38,468.3333333333333,6,0
778,2,32.75,2,0
778,3,11.9,2,0
778,4,6.5,2,0
778,5,0,2,0
778,11,0.248,2,0
778,15,2.4225,2,0
778,20,0.7065,2,0
778,21,0.043,2,0
778,23,0,2,0
778,24,0,2,0
778,29,0.0545,2,0
778,34,0,2,0
778,36,0,2,0
778,38,637.25,4,0
778,39,0.0035775,2,0
779,2,9.354166666666668,12,0
779,3,10.418333333333333,12,0
779,4,3.5208333333333335,12,0
779,5,1.1272727272727272,11,0
779,7,0,2,0
779,8,0,1,0
779,9,0.003,1,0
779,10,0,1,0
779,11,0.0005,12,0
779,12,0,1,0
779,13,1.532,1,0
779,14,0.367,1,0
779,15,2.172,12,0
779,16,0,1,0
779,18,0.044,1,0
779,20,0.5484166666666667,12,0
779,21,0.017916666666666668,12,0
779,23,0,12,0
779,24,0.046250000000000006,12,0
779,25,0,2,0
779,26,0,1,0
779,27,0,1,0
779,28,0,2,0
779,29,0,12,0
779,31,0.025,2,0
779,32,0,1,0
779,33,0,1,0
779,34,0.022083333333333333,12,0
779,35,0,1,0
779,36,0,12,0
779,37,0,1,0
779,38,286.0416666666667,24,0
779,39,0.0015776666666666665,3,0
780,2,13.15033333333333,30,0
780,3,23.89066666666666,30,0
780,4,10.434000000000001,30,0
780,5,1.3049999999999997,20,0
780,7,0.0046,5,0
780,8,0,5,0
780,9,0.10133333333333334,3,0
780,10,0.004,3,0
780,11,0.2508888888888889,18,0
780,12,0.004399999999999999,5,0
780,13,2.392333333333333,3,0
780,14,0.207,3,0
780,15,3.535611111111111,18,0
780,16,0.015,2,0
780,17,0.12,1,0
780,18,0.0485,2,0
780,20,2.5412222222222223,18,0
780,21,0.25327777777777777,18,0
780,23,0.0008333333333333334,12,0
780,24,0.049533333333333346,15,0
780,25,0.0058,5,0
780,26,0.002,2,0
780,27,0.0036666666666666666,3,0
780,28,0.003,5,0
780,29,0.035437500000000004,16,0
780,31,0.016999999999999998,5,0
780,32,0.004333333333333333,3,0
780,33,0,2,0
780,34,0.008733333333333333,15,0
780,35,0.0055,2,0
780,36,0.0012142857142857144,14,0
780,37,0.0015,2,0
780,38,625.9833333333333,60,0
780,39,0.002147125,16,0
781,1,1.2,2,0
781,2,1.785,8,0
781,3,22.49,10,0
781,4,0.492,10,0
781,5,0.8799999999999999,10,0
781,11,0.002,2,0
781,15,0.045,2,0
781,20,0.121,2,0
781,21,0.004,2,0
781,23,0,2,0
781,24,0,2,0
781,29,0,2,0
781,31,0,2,0
781,34,0,2,0
781,36,0,4,0
781,38,239.61425,8,0
781,39,1.351471,4,0
782,2,11.611944444444445,36,0
782,3,23.766666666666662,36,0
782,4,17.44,36,0
782,5,0.682142857142857,28,0
782,7,0.03585714285714286,14,0
782,8,0,15,0
782,11,0.2902380952380953,21,0
782,12,0,15,0
782,15,6.661952380952381,21,0
782,20,2.3871428571428575,21,0
782,21,0.16300000000000003,21,0
782,23,0.026999999999999996,14,0
782,24,0.0641,20,0
782,25,0.11460000000000001,15,0
782,28,0.0112,15,0
782,29,0.05495,20,0
782,31,0.011266666666666668,15,0
782,34,0.0002142857142857143,14,0
782,36,0.016285714285714285,14,0
782,38,767.1527777777778,72,0
782,39,0.00257972,25,0
783,2,2,1,0
783,3,18.6,1,0
783,4,20.9,1,0
783,5,1.3,1,0
783,11,0.17,1,0
783,15,14.713,1,0
783,20,1.723,1,0
783,21,0.341,1,0
783,23,0,1,0
783,24,0.061,1,0
783,29,0,1,0
783,34,0,1,0
783,36,0,1,0
783,38,701.5,2,0
784,2,7.280909090909091,11,0
784,3,21.683636363636364,11,0
784,4,6.319999999999999,11,0
784,5,1.1545454545454545,11,0
784,6,0,2,0
784,7,0.0132,10,0
784,8,0,6,0
784,9,0.055499999999999994,6,0
784,10,0.013,6,0
784,11,0.11181818181818182,11,0
784,12,0.0012222222222222222,9,0
784,13,1.7335,6,0
784,14,0.23616666666666666,6,0
784,15,2.1563636363636367,11,0
784,16,0.0195,6,0
784,18,0.04066666666666666,6,0
784,20,1.042090909090909,11,0
784,21,0.12245454545454543,11,0
784,23,0.00027272727272727274,11,0
784,24,0.025636363636363638,11,0
784,25,0.0017499999999999998,8,0
784,26,0.00016666666666666666,6,0
784,27,0.003833333333333333,6,0
784,28,0.003,8,0
784,29,0.0057272727272727275,11,0
784,31,0.007000000000000001,10,0
784,32,0.0011666666666666668,6,0
784,33,0,6,0
784,34,0.0007272727272727273,11,0
784,35,0.0028333333333333335,6,0
784,36,0.0014545454545454547,11,0
784,37,0.0015714285714285713,7,0
784,38,447.77272727272725,22,0
784,39,0.002018857142857143,7,0
785,2,0.28,1,0
785,3,0,1,0
785,4,99.48,1,0
785,5,0,1,0
785,11,2.228,1,0
785,15,25.026,1,0
785,20,2.247,1,0
785,21,1.447,1,0
785,23,0,1,0
785,24,0,1,0
785,29,0,1,0
785,34,0,1,0
785,36,0,1,0
785,38,2270,2,0
785,39,0,1,0
786,2,1.78,1,0
786,3,7.56,1,0
786,4,1.26,1,0
786,38,113.5,2,0
786,39,0.00044,1,0
787,2,6.93,2,0
787,3,43.105000000000004,2,0
787,4,13.375,2,0
787,5,2.8499999999999996,2,0
787,7,0,1,0
787,8,0,1,0
787,9,0.012,1,0
787,10,0.001,1,0
787,11,0.035,2,0
787,12,0.006,1,0
787,13,5.178,1,0
787,14,2.551,1,0
787,15,5.454000000000001,2,0
787,16,0.015,1,0
787,18,0.159,1,0
787,20,4.008,2,0
787,21,0.4635,2,0
787,23,0.0005,2,0
787,24,0.04,2,0
787,25,0.004,1,0
787,26,0,1,0
787,27,0,1,0
787,28,0,1,0
787,29,0.0095,2,0
787,31,0.042,1,0
787,32,0.002,1,0
787,33,0,1,0
787,34,0.001,2,0
787,35,0.002,1,0
787,36,0,2,0
787,37,0.001,1,0
787,38,820.25,4,0
787,39,0.00388,2,0
788,1,0,2,0
788,2,0.26387096774193547,31,0
788,3,19.552727272727275,33,0
788,4,0.08666666666666667,33,0
788,5,0.09062500000000002,32,0
788,7,0,1,0
788,8,0,1,0
788,11,0.0009130434782608696,23,0
788,12,0,1,0
788,15,0.012960000000000003,25,0
788,20,0.024280000000000003,25,0
788,21,0.006695652173913044,23,0
788,23,0,20,0
788,24,0.00004761904761904762,21,0
788,25,0,1,0
788,28,0,1,0
788,29,0,21,0
788,31,0.00025,4,0
788,34,0,20,0
788,36,0,22,0
788,38,188.05300000000003,54,0
788,39,0.0138333,30,0
789,2,0.86,5,0
789,3,33.146,5,0
789,4,0.49400000000000005,5,0
789,5,1.4600000000000002,5,0
789,11,0.0015,4,0
789,15,0.11349999999999999,4,0
789,20,0.11425,4,0
789,21,0.07575,4,0
789,23,0,2,0
789,24,0.02125,4,0
789,29,0,2,0
789,34,0.083,4,0
789,36,0,2,0
789,38,336.4,10,0
789,39,0.002112,5,0
790,1,5.6,1,0
790,2,1.1585714285714286,7,0
790,3,48.98625,8,0
790,4,1.6187500000000001,8,0
790,5,2.6875,8,0
790,11,0.026,2,0
790,15,0.239,2,0
790,20,0.039,2,0
790,21,0.0115,2,0
790,23,0,2,0
790,24,0,2,0
790,29,0,2,0
790,31,0,1,0
790,34,0,2,0
790,36,0,3,0
790,38,430.5311,10,0
790,39,0.8502,2,0
791,2,0.59125,16,0
791,3,19.680000000000003,16,0
791,4,0.100625,16,0
791,5,1.55625,16,0
791,11,0.000875,8,0
791,15,0.027125000000000003,16,0
791,20,0.031875,16,0
791,21,0.0041875,16,0
791,23,0,7,0
791,24,0,7,0
791,29,0,7,0
791,34,0,7,0
791,36,0,7,0
791,38,195.8125,32,0
791,39,0.00023833333333333337,12,0
792,2,2.5609090909090915,11,0
792,3,16.14181818181818,11,0
792,4,1.3945454545454545,11,0
792,5,0.5272727272727272,11,0
792,11,0.005,1,0
792,15,0.395,1,0
792,20,0.901,1,0
792,21,0.116,1,0
792,23,0,1,0
792,24,0,1,0
792,29,0,1,0
792,34,0,1,0
792,36,0,1,0
792,38,225,22,0
792,39,0.0012410000000000003,11,0
793,2,15.85585858585858,99,0
793,3,12.64989898989899,99,0
793,4,8.230202020202018,99,0
793,5,3.973469387755103,98,0
793,7,0.005,2,0
793,8,0,1,0
793,11,0.10328571428571429,14,0
793,12,0.002,2,0
793,15,2.9682666666666666,15,0
793,20,5.335933333333333,15,0
793,21,0.6531333333333332,15,0
793,23,0,13,0
793,24,0.0031538461538461538,13,0
793,25,0,1,0
793,28,0.001,2,0
793,29,0.00023076923076923076,13,0
793,31,0.008,2,0
793,34,0.0007692307692307692,13,0
793,36,0,13,0
793,38,473.0858585858586,198,0
793,39,0.0040747875,8,0
795,1,3.9,4,0
795,2,16.502499999999998,20,0
795,3,1.7033333333333338,24,0
795,4,10.219642857142858,28,0
795,5,0.020833333333333332,24,0
795,7,0.0105,2,0
795,8,0,2,0
795,11,0.6913124999999999,16,0
795,12,0.0175,2,0
795,13,1.059,1,0
795,14,0.1,1,0
795,15,7.664750000000001,16,0
795,19,0.027,1,0
795,20,1.5640625000000001,16,0
795,21,0.1826875,16,0
795,23,0.0016666666666666668,12,0
795,24,0.027833333333333335,12,0
795,25,0.0275,2,0
795,28,0,2,0
795,29,0.010916666666666667,12,0
795,30,0,1,0
795,31,0,2,0
795,32,0,1,0
795,34,0,12,0
795,35,0.02,1,0
795,36,0.0003333333333333333,12,0
795,37,0,1,0
795,38,528.5015555555556,36,0
795,39,0.5688855833333334,12,0
796,2,15.982222222222223,9,0
796,3,23.302222222222223,9,0
796,4,55.51555555555555,9,0
796,5,6.511111111111111,9,0
796,7,0.001,2,0
796,8,0,2,0
796,9,0.127,2,0
796,10,0.001,2,0
796,11,0.22922222222222224,9,0
796,12,0.037,2,0
796,13,27.893,2,0
796,14,0.021,2,0
796,15,28.26522222222222,9,0
796,16,0.008,2,0
796,18,0.032,2,0
796,20,15.109555555555557,9,0
796,21,0.6765555555555556,9,0
796,23,0.0005,4,0
796,24,0.261,6,0
796,25,0.013,2,0
796,26,0,2,0
796,27,0,2,0
796,28,0,2,0
796,29,0.005,4,0
796,31,0.641,2,0
796,32,0.027,2,0
796,33,0,2,0
796,34,0.0135,4,0
796,35,0.005,2,0
796,36,0,4,0
796,37,0.006,2,0
796,38,1589.611111111111,18,0
796,39,0.0027854999999999998,8,0
797,2,0,6,0
797,3,0,6,0
797,4,100,6,0
797,5,0,6,0
797,7,0,1,0
797,8,0,1,0
797,9,0.2394,5,0
797,11,0.23516666666666666,6,0
797,12,0,1,0
797,13,61.74583333333333,6,0
797,14,3.938500000000001,6,0
797,15,65.68433333333333,6,0
797,17,1.3776666666666666,3,0
797,18,0.3205,2,0
797,19,0.365,1,0
797,20,16.02,6,0
797,21,4.942,6,0
797,22,0.751,5,0
797,23,0,5,0
797,24,1.0533333333333335,6,0
797,25,0,1,0
797,28,0,1,0
797,29,0,5,0
797,31,0.3195,6,0
797,34,0.05616666666666666,6,0
797,36,0,5,0
797,37,0.145,1,0
797,38,2298.4166666666665,12,0
797,39,0,6,0
798,2,0,1,0
798,3,0,1,0
798,4,100,1,0
798,5,0,1,0
798,11,0,1,0
798,15,11.4,1,0
798,20,1.6,1,0
798,21,0,1,0
798,23,0,1,0
798,24,0,1,0
798,29,0,1,0
798,34,0,1,0
798,36,0,1,0
798,38,2291.5,2,0
798,39,0,1,0
799,2,0,1,0
799,3,0,1,0
799,4,100,1,0
799,5,0,1,0
799,11,0,1,0
799,15,38.7,1,0
799,20,3.8,1,0
799,21,0,1,0
799,23,0,1,0
799,24,0,1,0
799,29,0,1,0
799,34,0,1,0
799,36,0,1,0
799,38,2291.5,2,0
799,39,0,1,0
800,2,0,1,0
800,3,0,1,0
800,4,100,1,0
800,5,0,1,0
800,11,0.1,1,0
800,15,43.5,1,0
800,20,4.9,1,0
800,21,0.3,1,0
800,23,0,1,0
800,24,0,1,0
800,29,0,1,0
800,34,0,1,0
800,36,0,1,0
800,38,2291.5,2,0
800,39,0,1,0
801,2,0,1,0
801,3,0,1,0
801,4,100,1,0
801,5,0,1,0
801,11,0.5,1,0
801,15,49.9,1,0
801,20,22.2,1,0
801,21,0.7,1,0
801,23,0,1,0
801,24,1,1,0
801,29,0,1,0
801,34,0,1,0
801,36,0,1,0
801,38,2291.5,2,0
801,39,0,1,0
802,1,64,1,0
802,2,0,1,0
802,3,0,1,0
802,4,100,1,0
802,5,0,1,0
802,11,0,1,0
802,15,6.7,1,0
802,20,2.9,1,0
802,21,0,1,0
802,23,0,1,0
802,24,0,1,0
802,29,0,1,0
802,34,0,1,0
802,36,0,1,0
802,38,2291.5,2,0
802,39,0,1,0
803,2,7.1,1,0
803,3,52.6,1,0
803,4,6,1,0
803,5,1.9,1,0
803,11,0.011,1,0
803,15,3.149,1,0
803,20,0.876,1,0
803,21,0.047,1,0
803,23,0,1,0
803,24,0.011,1,0
803,29,0,1,0
803,34,0,1,0
803,36,0,1,0
803,38,775,2,0
803,39,0.00161,1,0
804,2,0.037142857142857144,7,0
804,3,2.955714285714286,7,0
804,4,96.9557142857143,7,0
804,5,0,6,0
804,7,0,1,0
804,8,0,1,0
804,9,0.0585,4,0
804,11,0.12083333333333335,6,0
804,12,0,2,0
804,13,34.0886,5,0
804,14,6.82125,4,0
804,15,40.816,6,0
804,17,1.218,4,0
804,19,0.334,1,0
804,20,36.588,6,0
804,21,4.710833333333333,6,0
804,22,0.91725,4,0
804,23,0,6,0
804,24,0.3968333333333333,6,0
804,25,0,2,0
804,28,0,1,0
804,29,0,5,0
804,31,0.20800000000000002,5,0
804,32,0.141,1,0
804,34,0.023499999999999997,6,0
804,36,0,6,0
804,38,2257.4285714285716,14,0
804,39,0.00005,5,0
805,2,5.208235294117647,17,0
805,3,53.68411764705882,17,0
805,4,28.802352941176466,17,0
805,5,1.8562499999999995,16,0
805,7,0,7,0
805,8,0,6,0
805,11,0.16825,16,0
805,12,0,5,0
805,15,13.85535294117647,17,0
805,20,5.166588235294118,17,0
805,21,0.2657058823529411,17,0
805,23,0,10,0
805,24,0.0666,15,0
805,25,0.09100000000000001,6,0
805,28,0,6,0
805,29,0.010066666666666666,15,0
805,31,0.048375,8,0
805,34,0,11,0
805,36,0,11,0
805,38,1277.264705882353,34,0
805,39,0.0014876153846153845,13,0
806,2,0.425,4,0
806,3,27.615000000000002,4,0
806,4,0.1325,4,0
806,5,1.35,4,0
806,11,0,4,0
806,15,0.00525,4,0
806,20,0.0025,4,0
806,21,0.0025,4,0
806,23,0,3,0
806,24,0,3,0
806,29,0,3,0
806,34,0,3,0
806,36,0,3,0
806,38,290.875,8,0
806,39,0.00028250000000000004,4,0
807,2,3.188214285714286,28,0
807,3,37.19214285714287,28,0
807,4,13.372857142857143,28,0
807,5,1.5238095238095242,21,0
807,6,0,2,0
807,7,0,3,0
807,8,0,3,0
807,11,0.06010714285714286,28,0
807,12,0,3,0
807,15,5.410285714285715,28,0
807,20,2.729607142857143,28,0
807,21,0.21503571428571427,28,0
807,23,0,25,0
807,24,0.015999999999999997,28,0
807,25,0,3,0
807,28,0,3,0
807,29,0.005599999999999999,25,0
807,30,0,3,0
807,31,0.023000000000000003,3,0
807,34,0.0035925925925925925,27,0
807,35,0,3,0
807,36,0,25,0
807,37,0,3,0
807,38,714.75,56,0
807,39,0.0010429285714285712,28,0
808,2,0,19,0
808,3,0,19,0
808,4,99.99842105263158,19,0
808,5,0,19,0
808,7,0,1,0
808,9,0.09799999999999999,3,0
808,11,0.5555882352941177,17,0
808,13,30.304,4,0
808,14,17.48,4,0
808,15,42.04405263157894,19,0
808,16,0.057,1,0
808,17,2.666,4,0
808,20,17.86268421052632,19,0
808,21,1.2718947368421052,19,0
808,22,0.5966666666666667,3,0
808,23,0,16,0
808,24,0.077625,16,0
808,29,0,16,0
808,31,0.33899999999999997,4,0
808,34,0,16,0
808,36,0,16,0
808,37,0,1,0
808,38,2298.0526315789475,38,0
808,39,0.0000015789473684210526,19,0
809,2,0,3,0
809,3,15.556666666666667,3,0
809,4,6.669999999999999,3,0
809,5,0,3,0
809,38,316,6,0
809,39,0.00037999999999999997,3,0
810,2,7.07,3,0
810,3,65.82666666666667,3,0
810,4,10.86,3,0
810,5,1.9000000000000001,3,0
810,6,0,1,0
810,7,0,1,0
810,8,0,1,0
810,11,0.07,3,0
810,12,0,1,0
810,15,3.4766666666666666,3,0
810,20,1.9463333333333335,3,0
810,21,0.17800000000000002,3,0
810,23,0,3,0
810,24,0.004666666666666667,3,0
810,25,0,1,0
810,28,0,1,0
810,29,0,3,0
810,31,0.007,1,0
810,34,0,3,0
810,36,0,3,0
810,37,0,1,0
810,38,1013.6666666666666,6,0
810,39,0.0009736666666666666,3,0
811,2,0,1,0
811,3,74.73,1,0
811,4,0.1,1,0
811,5,0,1,0
811,11,0,1,0
811,15,0.032,1,0
811,20,0.05,1,0
811,21,0,1,0
811,23,0,1,0
811,24,0,1,0
811,29,0,1,0
811,34,0,1,0
811,36,0,1,0
811,38,751.5,2,0
812,1,16.3,1,0
812,2,9.779411764705884,51,0
812,3,69.23307692307691,52,0
812,4,12.898076923076927,52,0
812,5,5.0882352941176485,51,0
812,6,0,2,0
812,7,0.0007647058823529412,17,0
812,8,0,14,0
812,9,0.016749999999999998,12,0
812,10,0.0004166666666666667,12,0
812,11,0.03234999999999998,40,0
812,12,0.004642857142857143,14,0
812,13,3.9929166666666664,12,0
812,14,0.8016666666666666,12,0
812,15,5.2786,40,0
812,16,0.019083333333333334,12,0
812,18,0.13408333333333336,12,0
812,20,3.8272000000000013,40,0
812,21,0.31235,40,0
812,23,0.00016666666666666666,36,0
812,24,0.029789473684210522,38,0
812,25,0.0032857142857142868,14,0
812,26,0,12,0
812,27,0.0008333333333333334,12,0
812,28,0.0007142857142857143,14,0
812,29,0.002435897435897436,39,0
812,30,0,1,0
812,31,0.06994444444444442,18,0
812,32,0.0014166666666666668,12,0
812,33,0.0004166666666666667,12,0
812,34,0.0006578947368421055,38,0
812,35,0.0006923076923076924,13,0
812,36,0.0006216216216216216,37,0
812,37,0.0017857142857142852,14,0
812,38,1114.651887755102,98,0
812,39,0.059455324324324314,37,0
813,1,4.429,1,0
813,2,1.4287500000000002,3,0
813,3,29.60683333333333,3,0
813,4,1.22,2,0
813,5,7.25,2,0
813,38,217.5,4,0
813,39,0.000545,2,0
814,2,0.44,1,0
814,3,5.9,1,0
814,4,0.22,1,0
814,5,1.1,1,0
814,38,64,2,0
814,39,0.00039,1,0
815,2,17.72,1,0
815,3,14.36,1,0
815,4,11,1,0
815,5,5.4,1,0
815,11,0.031,1,0
815,15,2.399,1,0
815,20,5.476,1,0
815,21,0.734,1,0
815,23,0,1,0
815,24,0,1,0
815,29,0,1,0
815,34,0,1,0
815,36,0,1,0
815,38,549.5,2,0
815,39,0.00191,1,0
816,2,3.47,3,0
816,3,14.893333333333333,3,0
816,4,2.49,3,0
816,5,1.4333333333333336,3,0
816,7,0.012666666666666666,3,0
816,8,0,2,0
816,9,0.0675,2,0
816,10,0.0085,2,0
816,11,0.064,3,0
816,12,0.0175,2,0
816,13,0.9119999999999999,2,0
816,14,0.10200000000000001,2,0
816,15,0.7959999999999999,3,0
816,16,0.0155,2,0
816,18,0.0195,2,0
816,20,0.24633333333333332,3,0
816,21,0.024333333333333335,3,0
816,23,0.0003333333333333333,3,0
816,24,0.006666666666666667,3,0
816,25,0.0006666666666666666,3,0
816,26,0,2,0
816,27,0.0035,2,0
816,28,0.0023333333333333335,3,0
816,29,0.0026666666666666666,3,0
816,31,0.0023333333333333335,3,0
816,32,0.001,2,0
816,33,0,2,0
816,34,0.0006666666666666666,3,0
816,35,0.002,2,0
816,36,0.001,3,0
816,37,0.0015,2,0
816,38,249.33333333333334,6,0
816,39,0.0012406666666666666,3,0
817,2,8.06,1,0
817,3,14.06,1,0
817,4,13.87,1,0
817,5,0.3,1,0
817,11,0.394,1,0
817,15,5.66,1,0
817,20,1.349,1,0
817,21,0.259,1,0
817,23,0,1,0
817,24,0.102,1,0
817,29,0.056,1,0
817,34,0,1,0
817,36,0,1,0
817,38,553,2,0
817,39,0.0015309999999999998,1,0
818,2,13.5,6,1
818,3,47,6,1
818,4,7.23,6,1
818,5,1.9,5,1
818,6,0,2,0
818,7,0.0186,5,0
818,8,0,3,0
818,9,0.002,1,0
818,10,0,1,0
818,11,0.133,6,1
818,12,0.024,5,0
818,13,0.077,1,0
818,14,0.004,1,0
818,15,1.822,6,1
818,16,0,1,0
818,18,0.002,1,0
818,20,0.372,6,1
818,21,0.084,6,1
818,23,0,5,1
818,24,0.001,6,1
818,25,0.0052,5,0
818,26,0,1,0
818,27,0.001,1,0
818,28,0.0021999999999999997,5,0
818,29,0.004,6,1
818,31,0.0034000000000000002,5,0
818,32,0.001,1,0
818,33,0,1,0
818,34,0,6,1
818,35,0.001,1,0
818,36,0,5,1
818,37,0.0006666666666666666,3,0
818,38,795.5,12,2
818,39,0.001771,4,1
819,2,5.03,8,1
819,3,19.59,8,1
819,4,1.02,8,1
819,5,3.8,7,1
819,11,0,2,0
819,15,0.198,8,1
819,20,0.412,8,1
819,21,0.076,8,1
819,23,0,2,0
819,24,0,2,0
819,29,0,2,0
819,34,0,2,0
819,36,0,2,0
819,38,256.5,16,2
819,39,0.0010047142857142856,7,7
820,2,7.574999999999999,4,0
820,3,19.707500000000003,4,0
820,4,6.7675,4,0
820,5,3.0000000000000004,4,0
820,7,0.0145,4,0
820,8,0,4,0
820,9,0.09699999999999999,3,0
820,10,0.0033333333333333335,3,0
820,11,0.12225,4,0
820,12,0.022,4,0
820,13,2.166,3,0
820,14,0.11733333333333333,3,0
820,15,2.3222500000000004,4,0
820,16,0.009333333333333334,3,0
820,18,0.02366666666666667,3,0
820,20,1.209,4,0
820,21,0.06624999999999999,4,0
820,23,0,3,0
820,24,0.034499999999999996,4,0
820,25,0.0135,4,0
820,26,0.0023333333333333335,3,0
820,27,0.004666666666666667,3,0
820,28,0.0055,4,0
820,29,0.021500000000000002,4,0
820,31,0.0052499999999999995,4,0
820,32,0.001,3,0
820,33,0.0003333333333333333,3,0
820,34,0.0013333333333333333,3,0
820,35,0.005666666666666667,3,0
820,36,0.0030000000000000005,3,0
820,37,0.001,3,0
820,38,440.875,8,0
820,39,0.0014884999999999998,4,0
822,2,7.1,1,0
822,3,81.1,1,0
822,4,4.3,1,0
822,5,4.2,1,0
822,11,0.015,1,0
822,15,1.566,1,0
822,20,1.49,1,0
822,21,0.015,1,0
822,23,0,1,0
822,24,0,1,0
822,29,0,1,0
822,34,0,1,0
822,36,0,1,0
822,38,1015,2,0
822,39,0.00171,1,0
823,2,0.29,2,0
823,3,10.879999999999999,2,0
823,4,0.07,2,0
823,5,3.7,2,0
823,11,0,1,0
823,15,0.005,1,0
823,20,0.014,1,0
823,21,0.018,1,0
823,23,0,1,0
823,24,0,1,0
823,29,0,1,0
823,34,0,1,0
823,36,0,1,0
823,38,103.25,4,0
823,39,0.00016,2,0
824,2,6.994999999999999,4,0
824,3,10.3675,4,0
824,4,5.72,4,0
824,5,0,4,0
824,11,0.12025,4,0
824,15,1.58975,4,0
824,20,0.12625,4,0
824,21,0.059,4,0
824,23,0,3,0
824,24,0,3,0
824,29,0,4,0
824,34,0,3,0
824,36,0,3,0
824,38,312.25,8,0
824,39,0.0015407499999999998,4,0
825,2,8.77,2,0
825,3,66.56,2,0
825,4,8.8,2,0
825,5,5.3,2,0
825,7,0,2,0
825,8,0,2,0
825,11,0.005,2,0
825,12,0,2,0
825,15,4.285,2,0
825,20,1.265,2,0
825,21,0.04,2,0
825,23,0,2,0
825,24,0.02,2,0
825,25,0,2,0
825,28,0,2,0
825,29,0,2,0
825,31,0.025,2,0
825,34,0,2,0
825,36,0,2,0
825,38,986.25,4,0
826,2,11.366666666666665,3,0
826,3,8.266666666666667,3,0
826,4,31.3,3,0
826,5,0.5,1,0
826,20,7.903333333333333,3,0
826,21,0.4466666666666667,3,0
826,38,933.8333333333334,6,0
829,2,9.333333333333334,3,0
829,3,55.46666666666667,3,0
829,4,1.6666666666666667,3,0
829,5,3.9333333333333336,3,0
829,11,0.021,3,0
829,15,0.16533333333333333,3,0
829,20,0.6743333333333333,3,0
829,21,0.03333333333333333,3,0
829,23,0,2,0
829,24,0,2,0
829,29,0.0015,2,0
829,34,0,2,0
829,36,0,2,0
829,38,705.1666666666666,6,0
829,39,0.00191,2,0
830,2,8.77,1,0
830,3,35.82,1,0
830,4,7.89,1,0
830,5,1.8,1,0
830,7,0,1,0
830,11,0.138,1,0
830,12,0.009,1,0
830,15,5.495,1,0
830,20,0.923,1,0
830,21,0.072,1,0
830,23,0,1,0
830,24,0.024,1,0
830,29,0,1,0
830,31,0.008,1,0
830,34,0,1,0
830,36,0,1,0
830,38,646.5,2,0
830,39,0.00161,1,0
831,2,10.456,10,0
831,3,53.75,10,0
831,4,1.6469999999999998,10,0
831,5,2.65,10,0
831,6,0,2,0
831,7,0.0006666666666666666,3,0
831,8,0,3,0
831,11,0.0142,10,0
831,12,0.0016666666666666668,3,0
831,13,0.4535,2,0
831,14,0,2,0
831,15,0.24930000000000002,10,0
831,20,0.6625,10,0
831,21,0.04869999999999999,10,0
831,23,0,6,0
831,24,0.0014285714285714286,7,0
831,25,0,3,0
831,28,0,3,0
831,29,0.0017142857142857144,7,0
831,30,0,1,0
831,31,0,3,0
831,34,0,7,0
831,35,0,1,0
831,36,0,6,0
831,37,0,3,0
831,38,705.2,20,0
831,39,0.0017068888888888889,9,0
832,1,1.75,2,0
832,2,8.097999999999999,15,0
832,3,65.94823529411765,17,0
832,4,4.062941176470589,17,0
832,5,4.582352941176471,17,0
832,7,0,2,0
832,11,0.03225,8,0
832,15,3.1603749999999997,8,0
832,20,1.77075,8,0
832,21,0.11612499999999999,8,0
832,23,0,7,0
832,24,0.003625,8,0
832,29,0.00025,8,0
832,31,0,4,0
832,34,0,7,0
832,36,0,9,0
832,38,847.043681818182,22,0
832,39,0.7417004,5,0
834,2,6.08,2,0
834,3,56.03,2,0
834,4,4.345,2,0
834,5,6.3999999999999995,2,0
834,7,0.0005,2,0
834,8,0,2,0
834,9,0.0045000000000000005,2,0
834,10,0,2,0
834,11,0.0045000000000000005,2,0
834,12,0.0015,2,0
834,13,1.041,2,0
834,14,0.0035,2,0
834,15,1.0445,2,0
834,16,0,2,0
834,18,0.0035,2,0
834,20,1.1625,2,0
834,21,0.034,2,0
834,23,0,2,0
834,24,0.012,2,0
834,25,0.0005,2,0
834,26,0.001,2,0
834,27,0,2,0
834,28,0.001,2,0
834,29,0.0015,2,0
834,31,0.005,2,0
834,32,0.0015,2,0
834,33,0,2,0
834,34,0.0015,2,0
834,35,0.001,2,0
834,36,0,2,0
834,37,0.0005,2,0
834,38,745.5,4,0
834,39,0.0025819999999999997,1,0
835,2,6.952000000000001,5,0
835,3,33.244,5,0
835,4,13.255999999999997,5,0
835,5,1.3,3,0
835,7,0,2,0
835,8,0,2,0
835,11,0.0655,4,0
835,12,0,2,0
835,15,6.28575,4,0
835,20,2.094,4,0
835,21,0.12025,4,0
835,23,0,3,0
835,24,0.036000000000000004,4,0
835,25,0,2,0
835,28,0,2,0
835,29,0.0185,4,0
835,31,0.059,2,0
835,34,0.0006666666666666666,3,0
835,36,0,3,0
835,38,722.9,10,0
835,39,0.0016405,4,0
836,1,3.168421052631579,19,0
836,2,7.502804878048782,82,0
836,3,49.92811881188122,101,0
836,4,1.9058415841584169,101,0
836,5,2.8555555555555556,99,0
836,7,0,9,0
836,8,0,9,0
836,9,0.01825,4,0
836,10,0,4,0
836,11,0.017800000000000007,25,0
836,12,0.0007777777777777778,9,0
836,13,0.47950000000000004,4,0
836,14,0.027749999999999997,4,0
836,15,1.13972,25,0
836,16,0.0005,4,0
836,18,0.00525,4,0
836,20,1.2575200000000002,25,0
836,21,0.12252000000000002,25,0
836,23,0,24,0
836,24,0.006625,24,0
836,25,0.0007,10,0
836,26,0,4,0
836,27,0,4,0
836,28,0,10,0
836,29,0.0005833333333333335,24,0
836,30,0,2,0
836,31,0.0028928571428571436,28,0
836,32,0,4,0
836,33,0,4,0
836,34,0,24,0
836,35,0.0018333333333333333,6,0
836,36,0,42,0
836,37,0,6,0
836,38,641.3075,88,0
836,39,0.9497131621621625,37,0
837,1,3.2647058823529416,17,0
837,2,5.763793103448276,58,0
837,3,45.606666666666655,75,0
837,4,1.6920000000000002,75,0
837,5,3.4760000000000004,75,0
837,11,0.016,7,0
837,15,1.014142857142857,7,0
837,20,0.9132857142857141,7,0
837,21,0.075,7,0
837,23,0,7,0
837,24,0.002142857142857143,7,0
837,29,0,7,0
837,31,0.006058823529411765,17,0
837,34,0,7,0
837,36,0,24,0
837,38,555.7949791666666,48,0
837,39,1.4869273636363636,22,0
838,2,9.25,8,0
838,3,44.8375,8,0
838,4,4.1875,8,0
838,5,6.871428571428572,7,0
838,11,0.027749999999999997,8,0
838,15,1.2765,8,0
838,20,1.609375,8,0
838,21,0.10112499999999999,8,0
838,23,0,7,0
838,24,0.0005714285714285715,7,0
838,29,0,7,0
838,34,0,7,0
838,36,0,7,0
838,38,629.1875,16,0
838,39,0.0016971428571428574,7,0
839,2,12.5,1,0
839,3,47.07,1,0
839,4,3.13,1,0
839,5,6.3,1,0
839,7,0,1,0
839,8,0,1,0
839,11,0,1,0
839,12,0,1,0
839,15,0,1,0
839,20,0,1,0
839,21,0,1,0
839,23,0,1,0
839,24,0,1,0
839,25,0,1,0
839,28,0,1,0
839,29,0,1,0
839,31,0,1,0
839,34,0,1,0
839,36,0,1,0
839,38,690.5,2,0
839,39,0.003763,1,0
840,2,6.975,4,0
840,3,57.65,4,0
840,4,10.375,4,0
840,5,5.133333333333334,3,0
840,11,0.029249999999999998,4,0
840,15,5.067,4,0
840,20,1.7935,4,0
840,21,0.1445,4,0
840,23,0,2,0
840,24,0.005333333333333333,3,0
840,29,0.010666666666666666,3,0
840,34,0,3,0
840,36,0,2,0
840,38,917.625,8,0
840,39,0.00363,3,0
841,2,5.999166666666667,24,0
841,3,53.200416666666676,24,0
841,4,1.8629166666666668,24,0
841,5,2.8541666666666665,24,0
841,7,0,6,0
841,8,0,6,0
841,11,0.0025000000000000005,16,0
841,12,0,6,0
841,15,0.24681249999999996,16,0
841,20,0.3565625000000001,16,0
841,21,0.0109375,16,0
841,23,0,15,0
841,24,0,15,0
841,25,0,6,0
841,28,0,6,0
841,29,0,15,0
841,31,0,6,0
841,34,0,15,0
841,36,0,15,0
841,37,0,6,0
841,38,644.7291666666666,48,0
841,39,0.0029528148148148144,27,0
842,2,13.94,2,0
842,3,45.225,2,0
842,4,4.415,2,0
842,5,7.75,2,0
842,7,0,2,0
842,8,0,2,0
842,11,0.018000000000000002,2,0
842,12,0,2,0
842,15,0.7615000000000001,2,0
842,20,1.7395,2,0
842,21,0.214,2,0
842,23,0,2,0
842,24,0.0125,2,0
842,25,0,2,0
842,28,0,2,0
842,29,0,2,0
842,30,0,2,0
842,31,0.005,2,0
842,34,0,2,0
842,35,0,2,0
842,36,0,2,0
842,37,0,2,0
842,38,716.25,4,0
842,39,0.0022270000000000002,2,0
843,2,9.3,2,0
843,3,45.4,2,0
843,4,4.8,2,0
843,5,5.1,2,0
843,11,0.0345,2,0
843,15,1.6915,2,0
843,20,1.7254999999999998,2,0
843,21,0.1105,2,0
843,23,0,2,0
843,24,0,2,0
843,29,0,2,0
843,34,0,2,0
843,36,0,2,0
843,38,656.75,4,0
843,39,0.00222,1,0
844,2,9.42,1,0
844,3,56.38,1,0
844,4,11.58,1,0
844,5,2.3,1,0
844,7,0.002,1,0
844,8,0,1,0
844,9,0.034,1,0
844,10,0.001,1,0
844,11,0.035,1,0
844,12,0,1,0
844,13,2.542,1,0
844,14,0.895,1,0
844,15,3.437,1,0
844,16,0.016,1,0
844,18,0.207,1,0
844,20,1.433,1,0
844,21,0.066,1,0
844,23,0,1,0
844,24,0.025,1,0
844,25,0.009,1,0
844,26,0.002,1,0
844,27,0.002,1,0
844,28,0.003,1,0
844,29,0.009,1,0
844,31,0.017,1,0
844,32,0,1,0
844,33,0,1,0
844,34,0,1,0
844,35,0.009,1,0
844,36,0.001,1,0
844,37,0.001,1,0
844,38,952,2,0
844,39,0.001081,1,0
845,2,8.133333333333333,3,0
845,3,53.833333333333336,3,0
845,4,4.533333333333333,3,0
845,5,4.433333333333334,3,0
845,11,0.006333333333333334,3,0
845,15,2.3543333333333334,3,0
845,20,0.6596666666666667,3,0
845,21,0.039,3,0
845,23,0,2,0
845,24,0,2,0
845,29,0,2,0
845,34,0,2,0
845,36,0,2,0
845,38,730,6,0
845,39,0.00181,2,0
846,2,9.8,1,0
846,3,57.9,1,0
846,4,1.5,1,0
846,5,1.8,1,0
846,11,0.01,1,0
846,15,0.183,1,0
846,20,0.571,1,0
846,21,0.035,1,0
846,23,0,1,0
846,24,0.001,1,0
846,29,0.003,1,0
846,34,0,1,0
846,36,0,1,0
846,38,754.5,2,0
846,39,0.00191,1,0
848,2,12.459999999999999,5,0
848,3,49.040000000000006,5,0
848,4,27.940000000000005,5,0
848,11,0.05800000000000001,5,0
848,15,10.72,5,0
848,20,9.34,5,0
848,21,0.068,5,0
848,24,0.146,5,0
848,38,1191.8,10,0
848,39,0.00247,4,0
849,2,0.12,1,0
849,3,0,1,0
849,4,0.2,1,0
849,38,6,2,0
850,2,0.37818181818181806,33,0
850,3,38.71212121212121,33,0
850,4,0.299090909090909,33,0
850,5,0.2545454545454545,33,0
850,11,0.0023750000000000004,32,0
850,15,0.03518749999999999,32,0
850,20,0.01553125,32,0
850,21,0.0044062500000000004,32,0
850,23,0,32,0
850,24,0,32,0
850,29,0,32,0
850,31,0,1,0
850,34,0,32,0
850,36,0,32,0
850,38,357.6363636363636,66,0
850,39,0.00249,8,0
851,1,0.4,1,0
851,2,1.0916666666666666,6,0
851,3,7.637142857142857,7,0
851,4,0.12714285714285714,7,0
851,5,0.8285714285714285,7,0
851,11,0,2,0
851,15,0.015,2,0
851,20,0.038,2,0
851,21,0.001,2,0
851,23,0,2,0
851,24,0,2,0
851,29,0,2,0
851,31,0,1,0
851,34,0,2,0
851,36,0,3,0
851,38,67.2775,8,0
851,39,0.4340036666666667,3,0
852,2,3.99,2,0
852,3,45.285,2,0
852,4,4.085,2,0
852,5,2,2,0
852,7,0,1,0
852,8,0,1,0
852,9,0.013,1,0
852,10,0,1,0
852,11,0.013,1,0
852,12,0.003,1,0
852,13,3.124,1,0
852,14,0.012,1,0
852,15,3.136,1,0
852,16,0,1,0
852,18,0.009,1,0
852,20,2,1,0
852,21,0.058,1,0
852,23,0,1,0
852,24,0.02,1,0
852,25,0.003,1,0
852,26,0,1,0
852,27,0,1,0
852,28,0,1,0
852,29,0.003,1,0
852,31,0.035,1,0
852,32,0.002,1,0
852,33,0,1,0
852,34,0.002,1,0
852,35,0.002,1,0
852,36,0,1,0
852,37,0,1,0
852,38,606,4,0
853,1,0,5,0
853,2,0.017777777777777778,36,0
853,3,11.59878048780488,41,0
853,4,0.004146341463414634,41,0
853,5,0,41,0
853,11,0,20,0
853,15,0,21,0
853,20,0,21,0
853,21,0,20,0
853,23,0,20,0
853,24,0,20,0
853,29,0,20,0
853,31,0,5,0
853,34,0,20,0
853,36,0,25,0
853,38,82.64253846153845,52,0
853,39,0.25003750000000013,8,0
854,2,3.6799999999999997,5,0
854,3,22.4,5,0
854,4,3.9200000000000004,5,0
854,5,1.3,5,0
854,11,0.0806,5,0
854,15,0.9847999999999999,5,0
854,20,0.08620000000000001,5,0
854,21,0.0442,5,0
854,23,0,4,0
854,24,0,4,0
854,29,0,4,0
854,34,0,4,0
854,36,0,4,0
854,38,352.4,10,0
854,39,0.0009274999999999999,4,0
855,2,5.444,10,0
855,3,25.108999999999998,10,0
855,4,4.346,10,0
855,5,0.53,10,0
855,6,0,1,0
855,7,0.0378,5,0
855,8,0,5,0
855,9,0.143,1,0
855,10,0.03,1,0
855,11,0.06466666666666668,9,0
855,12,0.01,5,0
855,13,1.997,1,0
855,14,0.207,1,0
855,15,1.0642222222222224,9,0
855,16,0.047,1,0
855,18,0.059,1,0
855,20,0.13749999999999998,8,0
855,21,0.028000000000000004,8,0
855,23,0.0026666666666666666,6,0
855,24,0.0014444444444444444,9,0
855,25,0.0005,4,0
855,27,0.011,1,0
855,28,0.0015,4,0
855,29,0.003888888888888889,9,0
855,31,0.0012000000000000001,5,0
855,32,0,1,0
855,33,0,1,0
855,34,0,5,0
855,36,0.0013333333333333333,6,0
855,37,0,1,0
855,38,412.75,20,0
855,39,0.0008950000000000001,4,0
856,2,4.14,1,0
856,3,16.07,1,0
856,4,16,1,0
856,5,0.6,1,0
856,6,0,1,0
856,7,0.002,1,0
856,11,0.269,1,0
856,15,4.627,1,0
856,20,0.656,1,0
856,21,0.176,1,0
856,23,0,1,0
856,24,0.007,1,0
856,29,0.037,1,0
856,31,0.003,1,0
856,34,0.001,1,0
856,36,0,1,0
856,38,583,2,0
856,39,0.00076,1,0
857,2,0,1,0
857,3,0,1,0
857,4,98.59,1,0
857,5,0,1,0
857,11,3.024,1,0
857,15,37.728,1,0
857,20,6.179,1,0
857,21,1.282,1,0
857,23,0,1,0
857,24,0.427,1,0
857,29,0,1,0
857,34,0,1,0
857,36,0,1,0
857,38,2304.5,2,0
858,2,9.606666666666667,3,0
858,3,25.63333333333333,3,0
858,4,10.896666666666667,3,0
858,5,3.766666666666666,3,0
858,7,0.02766666666666667,3,0
858,8,0.0003333333333333333,3,0
858,9,0.155,3,0
858,10,0.012666666666666668,3,0
858,11,0.16766666666666666,3,0
858,12,0.02266666666666667,3,0
858,13,3.065,3,0
858,14,0.116,3,0
858,15,3.1813333333333333,3,0
858,16,0.029333333333333333,3,0
858,18,0.037333333333333336,3,0
858,20,1.9649999999999999,3,0
858,21,0.17300000000000001,3,0
858,23,0.0003333333333333333,3,0
858,24,0.051666666666666666,3,0
858,25,0.02666666666666667,3,0
858,26,0.004333333333333334,3,0
858,27,0.009333333333333334,3,0
858,28,0.013666666666666667,3,0
858,29,0.024333333333333335,3,0
858,31,0.01,3,0
858,32,0.0016666666666666668,3,0
858,33,0.0003333333333333333,3,0
858,34,0.0016666666666666668,3,0
858,35,0.006666666666666667,3,0
858,36,0.005666666666666667,3,0
858,37,0.001,3,0
858,38,619.6666666666666,6,0
858,39,0.0019746666666666667,3,0
859,2,11.31,1,0
859,3,31.19,1,0
859,4,18.37,1,0
859,5,2,1,0
859,7,0.03,1,0
859,8,0,1,0
859,9,0.29,1,0
859,10,0.013,1,0
859,11,0.303,1,0
859,12,0.001,1,0
859,13,6.03,1,0
859,14,0.672,1,0
859,15,6.703,1,0
859,16,0.042,1,0
859,18,0.141,1,0
859,20,3.848,1,0
859,21,0.304,1,0
859,23,0,1,0
859,24,0.082,1,0
859,25,0.045,1,0
859,26,0.007,1,0
859,27,0.012,1,0
859,28,0.02,1,0
859,29,0.029,1,0
859,31,0.02,1,0
859,32,0.001,1,0
859,33,0,1,0
859,34,0.001,1,0
859,35,0.008,1,0
859,36,0.008,1,0
859,37,0.003,1,0
859,38,869,2,0
859,39,0.001631,1,0
860,2,5.48,1,0
860,3,37.14,1,0
860,4,5.38,1,0
860,5,2.6,1,0
860,7,0.034,1,0
860,8,0.001,1,0
860,9,0.07,1,0
860,10,0.015,1,0
860,11,0.084,1,0
860,12,0.01,1,0
860,13,1.27,1,0
860,14,0.095,1,0
860,15,1.365,1,0
860,16,0.027,1,0
860,18,0.047,1,0
860,20,0.899,1,0
860,21,0.066,1,0
860,23,0.001,1,0
860,24,0.019,1,0
860,25,0.003,1,0
860,26,0,1,0
860,27,0.005,1,0
860,28,0.005,1,0
860,29,0.007,1,0
860,31,0.006,1,0
860,32,0,1,0
860,33,0,1,0
860,34,0,1,0
860,35,0.002,1,0
860,36,0.003,1,0
860,37,0,1,0
860,38,567.5,2,0
860,39,0.001191,1,0
861,2,3.8,1,0
861,3,0,1,0
861,4,0.5,1,0
861,20,0,1,0
861,21,0,1,0
861,38,51,2,0
862,2,9.07,1,0
862,3,7.41,1,0
862,4,1.73,1,0
862,5,0,1,0
862,11,0.257,1,0
862,15,0.407,1,0
862,20,0.116,1,0
862,23,0.022,1,0
862,24,0.109,1,0
862,34,0.051,1,0
862,36,0.027,1,0
862,38,217.5,2,0
862,39,0.001441,1,0
863,2,4.295,2,0
863,3,43.54,2,0
863,4,0.71,2,0
863,5,10.75,2,0
863,7,0,2,0
863,8,0,2,0
863,9,0.0005,2,0
863,10,0,2,0
863,11,0.0005,2,0
863,12,0,2,0
863,13,0.0525,2,0
863,14,0.0025,2,0
863,15,0.055,2,0
863,16,0,2,0
863,18,0.0025,2,0
863,20,0.0935,2,0
863,21,0.0075,2,0
863,23,0,2,0
863,24,0.002,2,0
863,25,0.001,2,0
863,26,0,2,0
863,27,0.001,2,0
863,28,0.001,2,0
863,29,0,2,0
863,31,0.0045,2,0
863,32,0.0005,2,0
863,33,0,2,0
863,34,0.0005,2,0
863,35,0.002,2,0
863,36,0,2,0
863,37,0,2,0
863,38,512.5,4,0
863,39,0.0010705,2,0
864,2,11.73,2,0
864,3,29.265,2,0
864,4,10.545,2,0
864,5,1,2,0
864,38,671,4,0
864,39,0.001941,2,0
865,1,4.033333333333334,3,0
865,2,8.056756756756757,37,0
865,3,17.701749999999993,40,0
865,4,6.279000000000002,40,0
865,5,1.1026315789473684,38,0
865,6,0,2,0
865,7,0.009000000000000001,22,0
865,8,0.00010526315789473685,19,0
865,9,0.07223529411764706,17,0
865,10,0.004058823529411765,17,0
865,11,0.1230384615384615,26,0
865,12,0.005050000000000001,20,0
865,13,1.9310555555555555,18,0
865,14,0.07783333333333332,18,0
865,15,2.1197037037037036,27,0
865,16,0.01194117647058824,17,0
865,18,0.03952941176470589,17,0
865,19,0.011,1,0
865,20,2.0162222222222224,27,0
865,21,0.2400740740740741,27,0
865,23,0.00017391304347826088,23,0
865,24,0.028250000000000008,24,0
865,25,0.007050000000000001,20,0
865,26,0.0007058823529411767,17,0
865,27,0.004470588235294119,17,0
865,28,0.004300000000000001,20,0
865,29,0.015708333333333338,24,0
865,30,0,1,0
865,31,0.013440000000000002,25,0
865,32,0.0012777777777777779,18,0
865,33,0.0007647058823529412,17,0
865,34,0.0016956521739130434,23,0
865,35,0.004333333333333334,18,0
865,36,0.0018076923076923083,26,0
865,37,0.001388888888888889,18,0
865,38,477.81251612903225,62,0
865,39,0.23903845833333323,24,0
866,2,6.609999999999999,3,0
866,3,20.926666666666666,3,0
866,4,10.340000000000002,3,0
866,5,1.0333333333333334,3,0
866,7,0.0165,2,0
866,8,0,2,0
866,11,0.2595,2,0
866,12,0.035,2,0
866,15,4.1355,2,0
866,20,1.2974999999999999,2,0
866,21,0.067,2,0
866,23,0.0175,2,0
866,24,0.059,2,0
866,25,0.031,2,0
866,28,0,2,0
866,29,0.0115,2,0
866,30,0,2,0
866,31,0.0035,2,0
866,34,0,2,0
866,35,0,2,0
866,36,0,2,0
866,37,0,2,0
866,38,526.6666666666666,6,0
866,39,0.001274,3,0
867,2,10.956666666666665,3,0
867,3,54.04,3,0
867,4,4.363333333333333,3,0
867,5,3.066666666666667,3,0
867,7,0.0025,2,0
867,8,0,1,0
867,11,0.0325,2,0
867,12,0.0025,2,0
867,15,1.5949999999999998,2,0
867,20,0.8554999999999999,2,0
867,21,0.0535,2,0
867,23,0,1,0
867,24,0.005,2,0
867,25,0,1,0
867,28,0.0025,2,0
867,29,0.0125,2,0
867,30,0,1,0
867,31,0.0025,2,0
867,34,0,1,0
867,35,0,1,0
867,36,0,1,0
867,37,0,1,0
867,38,776.6666666666666,6,0
867,39,0.0038136666666666666,3,0
868,2,6.81,3,0
868,3,63.18333333333334,3,0
868,4,22.27,3,0
868,5,5.966666666666666,3,0
868,6,0,1,0
868,7,0,2,0
868,8,0,2,0
868,11,0.06,3,0
868,12,0,2,0
868,13,6.284,1,0
868,14,0.03,2,0
868,15,7.411999999999999,3,0
868,19,0.124,2,0
868,20,7.705333333333333,3,0
868,21,0.256,3,0
868,23,0,1,0
868,24,0.0435,2,0
868,25,0.005,2,0
868,28,0,2,0
868,29,0,2,0
868,31,0.0245,2,0
868,34,0,1,0
868,36,0,1,0
868,38,1217,6,0
868,39,0.002147333333333333,3,0
869,2,2.8714285714285714,7,0
869,3,73.98714285714286,7,0
869,4,13.38,7,0
869,5,1.3714285714285714,7,0
869,6,0,7,0
869,7,0,7,0
869,8,0,4,0
869,9,0.0905,2,0
869,11,0.06585714285714286,7,0
869,12,0,4,0
869,13,1.597,2,0
869,14,0.28049999999999997,2,0
869,15,3.3782857142857146,7,0
869,16,0.025,2,0
869,17,0.028,2,0
869,20,2.4861428571428577,7,0
869,21,0.5168571428571428,7,0
869,23,0,7,0
869,24,0.021285714285714286,7,0
869,25,0,5,0
869,28,0,5,0
869,29,0,7,0
869,31,0.024714285714285716,7,0
869,34,0,7,0
869,36,0,7,0
869,37,0,5,0
869,38,1112,14,0
869,39,0.0006799999999999999,7,0
870,2,6.950606060606061,33,0
870,3,61.90363636363636,33,0
870,4,25.89181818181818,33,0
870,5,3.193939393939394,33,0
870,6,0,12,0
870,7,0.022416666666666668,12,0
870,8,0,12,0
870,11,0.0713125,16,0
870,12,0.006916666666666668,12,0
870,15,6.38125,16,0
870,20,2.8419375000000002,16,0
870,21,0.10025000000000002,16,0
870,23,0,16,0
870,24,0.0625625,16,0
870,25,0,12,0
870,28,0.0007499999999999999,12,0
870,29,0.0005625,16,0
870,31,0.03384615384615385,13,0
870,34,0,16,0
870,36,0,16,0
870,37,0,12,0
870,38,1287.7575757575758,66,0
870,39,0.0014979393939393941,33,0
871,2,7.91,1,0
871,3,54.4,1,0
871,4,8.7,1,0
871,5,0,1,0
871,11,0.137,1,0
871,15,2.188,1,0
871,20,0.216,1,0
871,21,0.121,1,0
871,23,0,1,0
871,24,0,1,0
871,29,0,1,0
871,34,0,1,0
871,36,0,1,0
871,38,831.5,2,0
871,39,0.001831,1,0
872,1,63.78333333333333,6,0
872,2,0.40031250000000007,32,0
872,3,0.5457894736842104,38,0
872,4,48.00605263157896,38,0
872,5,0,36,0
872,7,0,8,0
872,8,0,7,0
872,9,0.06263636363636364,11,0
872,10,0,9,0
872,11,0.073,14,0
872,12,0.03157142857142857,7,0
872,13,25.149454545454546,11,0
872,14,11.480181818181817,11,0
872,15,36.87442857142857,14,0
872,16,0.035428571428571434,7,0
872,17,1.5053333333333334,3,0
872,18,0.6091428571428571,7,0
872,20,19.589428571428574,14,0
872,21,2.9539999999999997,14,0
872,22,0.40800000000000003,2,0
872,23,0,14,0
872,24,0.30664285714285716,14,0
872,25,0.041625,8,0
872,26,0,7,0
872,27,0.01242857142857143,7,0
872,28,0.010875000000000001,8,0
872,29,0,14,0
872,31,0.19931250000000003,16,0
872,32,0.012142857142857141,7,0
872,33,0,7,0
872,34,0.008538461538461538,13,0
872,35,0,7,0
872,36,0.0026,20,0
872,37,0.032,8,0
872,38,1607.7064999999998,40,0
872,39,0.7070865294117644,17,0
873,1,80.8,1,0
873,2,0.34878787878787876,33,0
873,3,1.5773529411764702,34,0
873,4,46.67205882352941,34,0
873,5,0,31,0
873,7,0.00036363636363636367,11,0
873,8,0,9,0
873,9,0.0892857142857143,14,0
873,10,0,10,0
873,11,0.13674999999999995,28,0
873,12,0.02566666666666667,12,0
873,13,16.117866666666664,15,0
873,14,5.142666666666667,15,0
873,15,19.53510714285714,28,0
873,16,0.02822222222222222,9,0
873,17,0.5478,5,0
873,18,0.3588,10,0
873,20,14.379964285714284,28,0
873,21,1.736428571428571,28,0
873,22,0.20475000000000002,4,0
873,23,0.0031785714285714286,28,0
873,24,0.10442857142857144,28,0
873,25,0.05200000000000001,12,0
873,26,0.001,9,0
873,27,0.006333333333333333,9,0
873,28,0.0067,10,0
873,29,0.0008214285714285714,28,0
873,31,0.13993333333333335,15,0
873,32,0.005666666666666667,12,0
873,33,0,9,0
873,34,0.002428571428571429,28,0
873,35,0,9,0
873,36,0.0028620689655172414,29,0
873,37,0.0072727272727272745,11,0
873,38,1128.3065,62,0
873,39,0.04323854166666664,24,0
874,2,6.380000000000001,2,0
874,3,17.205,2,0
874,4,9.094999999999999,2,0
874,5,5,2,0
874,7,0,1,0
874,11,0.072,1,0
874,12,0.006,1,0
874,15,4.767,1,0
874,20,2.035,1,0
874,21,0.074,1,0
874,23,0,1,0
874,24,0.019,1,0
874,29,0,1,0
874,31,0.006,1,0
874,34,0,1,0
874,36,0,1,0
874,38,445,4,0
874,39,0.0015609999999999999,1,0
876,2,2.04,2,0
876,3,26.86,2,0
876,4,8.195,2,0
876,5,2.2,2,0
876,7,0,2,0
876,8,0,2,0
876,11,0,2,0
876,12,0,2,0
876,15,5.708,2,0
876,20,0.3785,2,0
876,21,0.023,2,0
876,23,0,1,0
876,24,0.0135,2,0
876,25,0,2,0
876,28,0,2,0
876,29,0,2,0
876,31,0.028,2,0
876,34,0,1,0
876,36,0,1,0
876,38,473.25,4,0
876,39,0.0018210000000000001,2,0
877,2,4.6187499999999995,8,0
877,3,27.243750000000002,8,0
877,4,4.90625,8,0
877,5,2.7624999999999997,8,0
877,11,0.09775,8,0
877,15,1.180875,8,0
877,20,0.46412499999999995,8,0
877,21,0.12124999999999997,8,0
877,23,0,1,0
877,24,0,1,0
877,29,0,1,0
877,34,0,1,0
877,36,0,1,0
877,38,420.375,16,0
877,39,0.003334125,8,0
878,2,1.675,2,0
878,3,5.73,2,0
878,4,2.705,2,0
878,5,0,2,0
878,11,0,2,0
878,15,0.32999999999999996,2,0
878,20,0.584,2,0
878,21,0.007,2,0
878,23,0,1,0
878,24,0,1,0
878,29,0,2,0
878,34,0,1,0
878,36,0,1,0
878,38,138.75,4,0
878,39,0.000805,2,0
880,1,1.1375,4,4
880,2,7.8999999999999995,4,4
880,3,49.0625,4,4
881,1,1.73245,1,1
881,2,9.51025,1,1
881,3,38.58345,1,1
884,39,0.00014,2,0
888,39,0.002876307692307692,26,0
891,39,0.00888,2,0
896,39,0.0020443333333333333,3,0
939,1,3.75,6,0
939,2,5.4726470588235285,34,0
939,3,28.57184210526315,38,0
939,4,0.19999999999999998,36,0
939,5,7.0285714285714285,35,0
939,7,0,1,0
939,8,0,1,0
939,11,0.00035294117647058826,17,0
939,12,0,1,0
939,15,0.0041764705882352945,17,0
939,20,0.024705882352941178,17,0
939,21,0.013352941176470588,17,0
939,23,0,15,0
939,24,0,15,0
939,25,0,1,0
939,28,0,1,0
939,29,0,15,0
939,31,0,5,0
939,34,0,15,0
939,36,0,19,0
939,38,361.6442916666667,48,0
939,39,0.3715776300000001,40,0
940,1,3.75,6,0
940,2,5.4726470588235285,34,0
940,3,28.57184210526315,38,0
940,4,0.19999999999999998,36,0
940,5,7.0285714285714285,35,0
940,7,0,1,0
940,8,0,1,0
940,11,0.00035294117647058826,17,0
940,12,0,1,0
940,15,0.0041764705882352945,17,0
940,20,0.024705882352941178,17,0
940,21,0.013352941176470588,17,0
940,23,0,15,0
940,24,0,15,0
940,25,0,1,0
940,28,0,1,0
940,29,0,15,0
940,31,0,5,0
940,34,0,15,0
940,36,0,19,0
940,38,361.6442916666667,48,0
940,39,0.3715776300000001,40,0
957,1,3.75,3,0
957,2,9.321428571428571,7,0
957,3,21.455555555555556,9,0
957,4,0.25,8,0
957,5,13.95,8,0
957,31,0,2,0
957,36,0,2,0
957,38,240.99075,4,0
957,39,0.19639750526315788,38,0
985,2,2.4,1,0
985,3,6.63,1,0
985,4,19.52,1,0
985,5,0,1,0
985,11,0,1,0
985,15,0.589,1,0
985,20,0.056,1,0
985,21,0,1,0
985,23,0,1,0
985,24,0,1,0
985,29,0,1,0
985,34,0,1,0
985,36,0,1,0
985,38,540,2,0
985,39,0.0003,1,0
1019,1,6.1,1,0
1019,2,8.61296296296296,27,0
1019,3,50.370000000000005,28,0
1019,4,6.447857142857141,28,0
1019,5,2.6296296296296298,27,0
1019,6,0,1,0
1019,7,0.000875,8,0
1019,8,0,6,0
1019,9,0.04133333333333333,3,0
1019,10,0.0006666666666666666,3,0
1019,11,0.03058333333333334,24,0
1019,12,0.0035714285714285718,7,0
1019,13,5.181666666666667,3,0
1019,14,0.14233333333333334,3,0
1019,15,2.101125,24,0
1019,16,0.009666666666666665,3,0
1019,18,0.06433333333333334,3,0
1019,20,2.105916666666667,24,0
1019,21,0.18087499999999992,24,0
1019,23,0.00009090909090909092,22,0
1019,24,0.04104166666666667,24,0
1019,25,0.0029999999999999996,6,0
1019,26,0,3,0
1019,27,0.0023333333333333335,3,0
1019,28,0.0012857142857142859,7,0
1019,29,0.0055000000000000005,24,0
1019,30,0,1,0
1019,31,0.0259,10,0
1019,32,0.0016666666666666668,3,0
1019,33,0,3,0
1019,34,0.00027272727272727274,22,0
1019,35,0.002,4,0
1019,36,0.00008695652173913044,23,0
1019,37,0.002,4,0
1019,38,775.1433599999999,50,0
1019,39,0.08833500000000001,22,0
1021,1,3.75,3,0
1021,2,7.25,9,0
1021,3,17.59090909090909,11,0
1021,4,0.2,10,0
1021,5,11.16,10,0
1021,11,0,2,0
1021,15,0,2,0
1021,20,0,2,0
1021,21,0,2,0
1021,23,0,2,0
1021,24,0,2,0
1021,29,0,2,0
1021,31,0,2,0
1021,34,0,2,0
1021,36,0,4,0
1021,38,121.745375,8,0
1021,39,0.19639750526315788,38,0
1022,1,99.9,1,0
1022,2,0,3,0
1022,3,0,4,0
1022,4,48.85,4,0
1022,5,0,4,0
1022,31,7.38,1,0
1022,36,0,1,0
1022,38,1849.848,2,0
1022,39,0,1,0
1023,2,7.140000000000001,2,0
1023,3,62.56,2,0
1023,4,21.715,2,0
1023,5,6.05,2,0
1023,6,0,1,0
1023,7,0,1,0
1023,8,0,1,0
1023,11,0.063,2,0
1023,12,0,1,0
1023,13,6.284,1,0
1023,14,0.028,1,0
1023,15,7.574999999999999,2,0
1023,19,0.117,1,0
1023,20,7.5455000000000005,2,0
1023,21,0.322,2,0
1023,23,0,1,0
1023,24,0.041,1,0
1023,25,0.005,1,0
1023,28,0,1,0
1023,29,0,1,0
1023,31,0.023,1,0
1023,34,0,1,0
1023,36,0,1,0
1023,38,1211.25,4,0
1023,39,0.00186,2,0
1024,2,6.15,1,0
1024,3,64.43,1,0
1024,4,23.38,1,0
1024,5,5.8,1,0
1024,7,0,1,0
1024,8,0,1,0
1024,11,0.054,1,0
1024,12,0,1,0
1024,14,0.032,1,0
1024,15,7.086,1,0
1024,19,0.131,1,0
1024,20,8.025,1,0
1024,21,0.124,1,0
1024,24,0.046,1,0
1024,25,0.005,1,0
1024,28,0,1,0
1024,29,0,1,0
1024,31,0.026,1,0
1024,38,1228.5,2,0
1024,39,0.002722,1,0
